meter_id,avg_daily_consumption,std_daily_consumption,cv_consumption,night_to_day_ratio,morning_evening_peak_ratio,weekday_weekend_ratio,zero_reading_pct,flat_line_pct,rolling_std_of_daily_sum,max_single_reading,min_single_reading,label,theft_type
M0001,36.81987917808219,5.011168270227242,0.8325077519446992,0.7844895177022536,0.6154068874282993,0.9107763163513981,0.0,0.0005707762557077625,4.641964639306096,3.3421,0.1684,0,NONE
M0002,58.10720684931507,7.926209277536087,0.8305121001605179,0.7827993538999677,0.6181007266186033,0.9096876534245582,0.0,0.00028538812785388126,7.360084540571153,5.3379,0.2863,0,NONE
M0003,23.99911698630137,3.2722489079095234,0.8311809554088514,0.7835204621751888,0.6150982906804502,0.9124298343064714,0.0,0.0006278538812785388,3.044983851487391,2.2348,0.1183,0,NONE
M0004,55.89444410958904,7.6197398502504035,0.8303569921427513,0.7857323296484233,0.6183183029905143,0.9096011741300741,0.0,0.00017123287671232877,7.069463032238428,5.0555,0.2762,0,NONE
M0005,24.845465753424655,3.3642586596071253,0.8285661033879385,0.7866107913438246,0.6195159111491034,0.9143753158717277,0.0,0.0007420091324200913,3.140627214950485,2.2761,0.1159,0,NONE
M0006,48.63673479452054,6.633535800515858,0.8317230981307001,0.7840291367692431,0.6166852876773241,0.9139988646140885,0.0,0.00028538812785388126,6.1932262909562565,4.6221,0.2365,0,NONE
M0007,28.234796438356163,3.8438561215459948,0.8313900930498468,0.7829640709294372,0.6197625126925004,0.9102731187861286,0.0,0.0007990867579908676,3.5701804691401424,2.5356,0.1301,0,NONE
M0008,46.338643835616445,6.277089165872579,0.8297881875626605,0.783410655596879,0.6188922705011062,0.9106800702289176,0.0,0.0005136986301369863,5.8286185841653735,4.464,0.2235,0,NONE
M0009,31.610767123287673,4.313501175871617,0.8304748281672789,0.7841818739402674,0.6196378739160487,0.9106494789077805,0.0,0.0005136986301369863,4.01136408038298,2.9646,0.1529,0,NONE
M0010,44.61076520547945,6.065514785733883,0.8307429701280024,0.7819695825570615,0.6194361970989879,0.9125073628579672,0.0,0.0003995433789954338,5.6495161758988015,4.0497,0.2145,0,NONE
M0011,59.2918104109589,8.118765910111463,0.8327455393260421,0.7790349671308945,0.6154513737300995,0.911772262800267,0.0,0.00028538812785388126,7.538326510457361,5.982,0.2807,0,NONE
M0012,54.50310821917808,7.379705371589758,0.8302743119712533,0.7841237757867264,0.6194761157123839,0.9132837464901967,0.0,0.00017123287671232877,6.887889393383896,4.857,0.2702,0,NONE
M0013,40.08931315068493,5.3933747712062186,0.8286637789498298,0.7856031943853261,0.6182556354220888,0.9166339240616378,0.0,0.0009703196347031963,5.041377010868348,3.8022,0.1998,0,NONE
M0014,39.2945205479452,5.391730079359503,0.8303974810949408,0.783064418735928,0.6182283670106993,0.9116133080053949,0.0,0.0003995433789954338,5.019987066378412,3.7712,0.1988,0,NONE
M0015,41.67463205479453,5.649993533686604,0.8304931128005816,0.7855459115037812,0.6195217286141632,0.9131626911245526,0.0,0.00045662100456621003,5.258002878606879,3.9933,0.2085,0,NONE
M0016,52.22748191780821,7.045689750685443,0.8304847323387169,0.7840266961359628,0.6141350647026321,0.9105609915123672,0.0,0.00045662100456621003,6.52915049781328,4.7697,0.2575,0,NONE
M0017,32.085170684931505,4.320643406393276,0.829505098554253,0.7827217182793116,0.6168689487074114,0.9139640588587756,0.0,0.0007420091324200913,4.027985210712313,2.8211,0.1605,0,NONE
M0018,30.394927123287665,4.123576626073895,0.8308380113249384,0.7837338694388426,0.6169842931181708,0.911605951741573,0.0,0.0009132420091324201,3.8277496128475876,2.9545,0.145,0,NONE
M0019,27.243627671232876,3.700301897748271,0.8310806161046728,0.7823937165093668,0.6163871583452403,0.9120317993745706,0.0,0.0005707762557077625,3.442588052228186,2.5992,0.1331,0,NONE
M0020,56.56149315068493,7.706626680269803,0.8320761483272181,0.7834259957215256,0.6171995573793237,0.9095142335433788,0.0,0.00017123287671232877,7.148027016967825,5.1648,0.2756,0,NONE
M0021,41.76543506849315,5.663705241433716,0.8315388247068547,0.7834182635946867,0.6177072337881288,0.9086467940709867,0.0,0.00028538812785388126,5.243976684973521,4.1021,0.21,0,NONE
M0022,59.791952328767124,8.125935499248133,0.8307904006166095,0.7842390210601161,0.6154950112646032,0.9122276292503554,0.0,0.0003995433789954338,7.559388127904703,5.6979,0.2898,0,NONE
M0023,47.86928054794521,6.5058196674740385,0.8302188608190765,0.7832117480879011,0.6195230356112849,0.9099822079546729,0.0,0.00045662100456621003,6.0394639891400095,4.5485,0.2366,0,NONE
M0024,56.021915890410966,7.561276762690249,0.8305294859809154,0.7859819095063553,0.6161030144453445,0.9158189553094718,0.0,0.00022831050228310502,7.074836922529529,5.2344,0.2676,0,NONE
M0025,34.663096712328766,4.67103588150507,0.8304507585042691,0.7837502249730898,0.6180318248603429,0.9119503687679644,0.0,0.0005136986301369863,4.337550019277281,3.1588,0.1714,0,NONE
M0026,36.38261095890411,4.948905208857126,0.8310422345731442,0.7844935789679208,0.6167198126063638,0.9114022578825257,0.0,0.00017123287671232877,4.593771517926196,3.6328,0.1802,0,NONE
M0027,38.3364597260274,5.224528421901652,0.8311081611084917,0.7842100207151473,0.6174367082730374,0.9108852284360553,0.0,0.0005136986301369863,4.862199309957935,3.56,0.1847,0,NONE
M0028,42.85954630136987,5.84362991957428,0.8308268416508164,0.7832959804426531,0.6184837385348145,0.9107126365512082,0.0,0.0005136986301369863,5.431191871461667,3.9879,0.2041,0,NONE
M0029,23.724514246575342,3.246476843562185,0.8312175725138831,0.7843555507472161,0.6170895321917443,0.9100490319558606,0.0,0.0010844748858447489,3.0188691572054305,2.1423,0.1124,0,NONE
M0030,55.71416219178083,7.528346605524169,0.8294554595452183,0.7837544803362767,0.6187730543227954,0.9134385877782,0.0,0.00028538812785388126,7.026790516646822,5.4728,0.264,0,NONE
M0031,32.907562191780826,4.461908307120288,0.8301317012152931,0.7844296156377403,0.6177470290069287,0.9135474074913603,0.0,0.0005136986301369863,4.158126386744575,2.993,0.156,0,NONE
M0032,58.8656197260274,8.02535123216827,0.8296033481590978,0.783161838806942,0.6189538596054838,0.9115215287150275,0.0,0.00028538812785388126,7.449687900793433,5.4562,0.2845,0,NONE
M0033,48.70365589041096,6.673724045204297,0.8307658259087293,0.7832012761003144,0.617681669281701,0.9097042273295618,0.0,0.00022831050228310502,6.194556041231246,4.4668,0.2346,0,NONE
M0034,50.499561095890414,6.957937389059758,0.8332961220278269,0.7845826512403526,0.6162695405238177,0.9093047811613286,0.0,0.00028538812785388126,6.448057468391006,4.8168,0.2278,0,NONE
M0035,41.84238410958904,5.704008770556193,0.8311589054337547,0.7831048618310432,0.6167230188508791,0.9119861329912754,0.0,0.00045662100456621003,5.292452487769955,3.8833,0.2068,0,NONE
M0036,50.927174794520546,6.94543372338268,0.8305513118948408,0.7821364831924423,0.6184014164417816,0.9128275171926927,0.0,0.00028538812785388126,6.472464887798547,4.6415,0.2428,0,NONE
M0037,51.71793287671233,7.0716267841961304,0.8323114637526299,0.7826791915041466,0.6163053227361364,0.9097914630117464,0.0,0.00022831050228310502,6.559856557412609,4.6312,0.2461,0,NONE
M0038,29.49411397260274,4.016006743603262,0.8309240525326854,0.7854959651638425,0.6171179699463654,0.9096788984005308,0.0,0.0006849315068493151,3.719290550945429,2.7652,0.147,0,NONE
M0039,59.634243561643835,8.116398900072783,0.830789095719111,0.7830808766959864,0.6191175973821016,0.9113148049194214,0.0,0.00017123287671232877,7.542020215307614,5.5658,0.2904,0,NONE
M0040,51.031396164383565,6.927767222334579,0.8315536971732975,0.7857324936343973,0.6183585224076399,0.9142415530120243,0.0,0.0005136986301369863,6.4640945552249125,5.158,0.2474,0,NONE
M0041,42.87736438356164,5.878179200821436,0.8311653869005877,0.7817602032903135,0.6187720826324596,0.9104989431170389,0.0,0.00045662100456621003,5.464233136148218,4.0651,0.2105,0,NONE
M0042,47.72687589041095,6.474108094545278,0.8318877653763451,0.7838309752432151,0.6182504201364326,0.909725362567439,0.0,0.00034246575342465754,6.00015016180161,4.4754,0.2245,0,NONE
M0043,36.45980054794521,4.939638601764673,0.8291775178043451,0.7835045808100792,0.6182590012353567,0.9120303643907487,0.0,0.0005707762557077625,4.589081955405578,3.6061,0.1834,0,NONE
M0044,44.99932767123288,6.113417242923377,0.8307461975540369,0.7810198157068828,0.6163009438495656,0.911190752852064,0.0,0.00034246575342465754,5.683777766435244,4.2868,0.2206,0,NONE
M0045,26.529768493150684,3.5751933556055584,0.8298390511834055,0.7805001406160923,0.6175307298544591,0.9119433830627822,0.0,0.0005136986301369863,3.3202233082652604,2.539,0.132,0,NONE
M0046,48.58571972602739,6.647870627335991,0.8307813721774946,0.7828784130491018,0.6186970872287582,0.9102347471311728,0.0,0.00011415525114155251,6.174490560322941,4.7,0.2426,0,NONE
M0047,32.27998547945205,4.3785787052675715,0.8313848451015909,0.7806552237959411,0.618895762077037,0.9114439892155817,0.0,0.0009703196347031963,4.074170022938838,2.9272,0.1595,0,NONE
M0048,23.31146904109589,3.165670254854883,0.8300531263444175,0.7808487174015709,0.6175105995677516,0.9113420508127806,0.0,0.0005136986301369863,2.936490892161883,2.3178,0.1115,0,NONE
M0049,40.69845780821918,5.492642536724645,0.8304864672445016,0.7843843201847348,0.6180871587354158,0.9115831932054722,0.0,0.00034246575342465754,5.101656935304097,3.7642,0.1863,0,NONE
M0050,29.31911424657534,3.9854784402858447,0.8307991335981866,0.7839933257456604,0.6162528737377349,0.9092483220141784,0.0,0.0006849315068493151,3.698206658403957,2.754,0.1422,0,NONE
M0051,30.064469589041096,4.102757469146643,0.8316473425878522,0.7861368608926992,0.6187876488313856,0.9128373735393012,0.0,0.0010844748858447489,3.8144147373780752,2.8512,0.152,0,NONE
M0052,30.19620219178082,4.093279588947215,0.8300930423706221,0.782942278445777,0.6178684429097393,0.9112259808232335,0.0,0.0009132420091324201,3.7990445551515397,2.8971,0.1466,0,NONE
M0053,52.731680821917806,7.108162846168704,0.8304070909755327,0.7811971144627016,0.6177349503982813,0.9109182877686801,0.0,0.00045662100456621003,6.595516809794356,4.8605,0.2503,0,NONE
M0054,36.91311150684931,5.057751314254711,0.8320842087859164,0.7829876962917582,0.6171255639162336,0.9099834275954926,0.0,0.00028538812785388126,4.697897526083427,3.4243,0.183,0,NONE
M0055,48.9716104109589,6.66356734117176,0.8307350859697155,0.7834363415351107,0.6173465205936688,0.9118256146148664,0.0,0.0007990867579908676,6.203193465662369,4.5874,0.2495,0,NONE
M0056,45.7885295890411,6.2406464848789485,0.8318714040188497,0.7825032537343237,0.6168911961729685,0.9111467439804225,0.0,0.00034246575342465754,5.801745058365384,4.6554,0.2053,0,NONE
M0057,53.35371835616438,7.270180092518797,0.832153906593756,0.7832011831168855,0.6162363367578477,0.9112325255362882,0.0,0.00034246575342465754,6.748019999658022,4.8923,0.2621,0,NONE
M0058,44.41582356164384,6.072970810556551,0.8303862730983549,0.7854499565917719,0.6172716793890276,0.9111623962900178,0.0,0.0007420091324200913,5.651639415679841,4.048,0.2208,0,NONE
M0059,30.86544684931507,4.152234082615956,0.8318286561228885,0.7832736658993845,0.6156301767716902,0.9157674551715614,0.0,0.0008561643835616438,3.8711792929800954,2.9391,0.1385,0,NONE
M0060,47.40766630136986,6.454018960199453,0.8318785465640556,0.7841940143676057,0.618989516122179,0.9127119853615402,0.0,0.0003995433789954338,6.018864538191766,4.3019,0.2281,0,NONE
M0061,42.78643260273973,5.833679314987709,0.8300634995524367,0.7816222884640481,0.6215675523112177,0.9105913736131096,0.0,0.0005136986301369863,5.4238747974323696,4.0423,0.207,0,NONE
M0062,24.32473589041096,3.3037386781933518,0.8308322949843658,0.7816685441206531,0.6169623359964966,0.9120417285397266,0.0,0.0005707762557077625,3.0697988647397962,2.2534,0.1235,0,NONE
M0063,28.86223917808219,3.926103270290128,0.8305539380328677,0.7848991486719199,0.6198740180147053,0.9129591857765463,0.0,0.0005136986301369863,3.6530630234148433,2.801,0.1412,0,NONE
M0064,52.53490219178082,7.157472600047781,0.8323858883322246,0.7821459099038404,0.6182153138818738,0.910670659556481,0.0,0.0003995433789954338,6.6393079704196065,5.066,0.2646,0,NONE
M0065,40.7925501369863,5.561159540275478,0.830726336479238,0.783680807704152,0.6158286378971536,0.9105487404406768,0.0,0.0006849315068493151,5.171571992387959,3.7535,0.2029,0,NONE
M0066,49.01322739726028,6.637633929578633,0.8293676215346134,0.7832688377644548,0.6212591502644188,0.9108743474580066,0.0,0.0003995433789954338,6.163663292116907,4.529,0.2481,0,NONE
M0067,59.87110191780822,8.229761778172158,0.83413899176414,0.7863222684116715,0.6156453436205356,0.9081301046053807,0.0,0.0005136986301369863,7.626996054834316,5.8224,0.2887,0,NONE
M0068,54.13906849315068,7.310466836427383,0.8286004876717735,0.7837142994222153,0.6183406653373585,0.9127281655449213,0.0,0.00034246575342465754,6.804466008878595,5.0569,0.2723,0,NONE
M0069,49.647786575342465,6.774263764604179,0.8313059609062957,0.7795885640454591,0.6173366787991122,0.9128631142651475,0.0,0.0006278538812785388,6.314450217030399,4.94,0.2256,0,NONE
M0070,55.88841068493151,7.56418060526643,0.8311635918564524,0.7837683362453449,0.617040662605596,0.9142997277815245,0.0,0.0006278538812785388,7.03299753543741,5.1171,0.2536,0,NONE
M0071,53.459634246575334,7.275541497196126,0.8317512690219879,0.7829703827652958,0.6198762362681356,0.9096957143580067,0.0,0.0003995433789954338,6.749074204679488,5.1504,0.2573,0,NONE
M0072,30.209877260273974,4.061354549745654,0.830347587807808,0.7829155539041375,0.618286947021634,0.9117539327072388,0.0,0.00034246575342465754,3.766307897206857,2.8833,0.1479,0,NONE
M0073,57.39047260273972,7.820480819544455,0.8318513107752924,0.7814199545670117,0.6156152421703854,0.9118293165050888,0.0,0.00034246575342465754,7.269088424540874,5.4967,0.2564,0,NONE
M0074,29.05778904109589,4.003439677566347,0.8326773072606065,0.7839209685123165,0.6166275020611558,0.9096192945966313,0.0,0.0007990867579908676,3.7217224312321986,2.6566,0.1386,0,NONE
M0075,52.30316465753425,7.179261495732317,0.83193592205467,0.782280697139605,0.615099720943122,0.9114970507449874,0.0,0.0007420091324200913,6.693598541368462,4.899,0.2593,0,NONE
M0076,29.405137808219173,3.943439528033734,0.8306507886818195,0.7832401923665676,0.6179874489368493,0.9135775550035291,0.0,0.0006278538812785388,3.6661200015807895,2.7477,0.1339,0,NONE
M0077,34.71481506849315,4.724241000283096,0.8290432140459888,0.7857486389521509,0.6167232970946412,0.9107599505653973,0.0,0.00045662100456621003,4.38970833753752,3.169,0.1563,0,NONE
M0078,28.381145479452055,3.82950921744515,0.8289464072123884,0.7816926646113653,0.6192260331591574,0.9119445773080243,0.0,0.00045662100456621003,3.55748205770454,2.6919,0.144,0,NONE
M0079,56.738557534246574,7.6935818508726035,0.830545674583808,0.7823609275826855,0.618264653290414,0.9094671569876276,0.0,0.0003995433789954338,7.124213183911489,5.2379,0.265,0,NONE
M0080,58.22417205479452,7.93655259413284,0.8298853639549857,0.7841374714531755,0.6195078803070455,0.9081051370146592,0.0,0.00017123287671232877,7.35164233111969,5.627,0.2778,0,NONE
M0081,48.32607972602739,6.565771953767017,0.8309947579667549,0.7835177417412863,0.6183884504294658,0.909530292747822,0.0,0.0006278538812785388,6.08739404359405,4.5631,0.2313,0,NONE
M0082,24.382781095890415,3.316080933583455,0.8306125413921215,0.7838479612873072,0.6182251340247343,0.9134369537304207,0.0,0.0010273972602739725,3.0859706574522963,2.3025,0.1184,0,NONE
M0083,53.92127753424657,7.421847875101068,0.8318189257512293,0.7814084242488197,0.616039143831445,0.9105981526502384,0.0,0.00022831050228310502,6.896730804883041,5.0876,0.2554,0,NONE
M0084,56.56423452054794,7.699324590937004,0.8311464578756833,0.7805892712919194,0.6199110707237714,0.9109465982803704,0.0,0.0005707762557077625,7.154779170997198,5.2047,0.2699,0,NONE
M0085,25.164836438356165,3.4038534817276873,0.8315682402763751,0.7836335189715017,0.6166616197048373,0.9098979528846547,0.0,0.0005136986301369863,3.15793190532038,2.4655,0.1223,0,NONE
M0086,43.21868794520548,5.856933451325947,0.830392107628995,0.7839835197623317,0.6197257097079673,0.9113037539614184,0.0,0.0003995433789954338,5.431182142530194,4.1039,0.216,0,NONE
M0087,33.34137479452055,4.514840408095477,0.8319270921239373,0.7850006360017598,0.6156799889791282,0.9113968535459989,0.0,0.0006849315068493151,4.194809567725445,3.0535,0.158,0,NONE
M0088,56.87747616438356,7.738252974830931,0.8313110924420428,0.7799450521691537,0.6196450901170127,0.9124159584449788,0.0,0.0003995433789954338,7.205529047796891,5.3636,0.28,0,NONE
M0089,43.328997534246575,5.865407305425418,0.8299762366504261,0.7847469891531966,0.6167202969861605,0.9121587088884002,0.0,0.00028538812785388126,5.45765770278214,4.0225,0.1985,0,NONE
M0090,43.633286301369864,5.970580050490684,0.8327668519464158,0.782166530889227,0.618349092474315,0.9100809834173439,0.0,0.0005136986301369863,5.542369953221644,4.0436,0.1871,0,NONE
M0091,42.75534821917809,5.7508182356545285,0.8306903813587811,0.7833371436790234,0.6181580896929608,0.9120360843277351,0.0,0.0003995433789954338,5.340688126423664,4.2296,0.2097,0,NONE
M0092,57.11739589041097,7.79167797614651,0.8311991419426213,0.7829833987870722,0.6155496239376053,0.9092178508533085,0.0,0.00011415525114155251,7.216189371098987,5.782,0.273,0,NONE
M0093,54.07501698630137,7.347781536170091,0.8312055925478312,0.7838655263897232,0.6158538206744167,0.9104851106003092,0.0,0.0003995433789954338,6.81331988645011,5.1971,0.2697,0,NONE
M0094,34.33627095890411,4.717942375937924,0.8321351049503716,0.7845361075795423,0.6160365306921161,0.9106436236138029,0.0,0.0003995433789954338,4.381970235974655,3.238,0.1699,0,NONE
M0095,26.180643835616436,3.5382549659333877,0.8316742485499935,0.7820629354143399,0.6189793580265066,0.9120860209215341,0.0,0.0007420091324200913,3.2844987211886534,2.4555,0.1291,0,NONE
M0096,27.9293901369863,3.807487445616706,0.8297365001575178,0.7803531562721159,0.6172658940481008,0.9111401707858441,0.0,0.0003995433789954338,3.546809918592333,2.7088,0.1349,0,NONE
M0097,56.85827589041095,7.713481227083591,0.8302295261232256,0.7837503767141398,0.6186051801711347,0.9115744370042805,0.0,0.0003995433789954338,7.177568566198507,5.1931,0.2741,0,NONE
M0098,49.58256684931507,6.720467869756613,0.8313758768019832,0.783811292744831,0.6171194451352299,0.9118812494066365,0.0,0.0003995433789954338,6.250713741988704,4.4924,0.2351,0,NONE
M0099,50.60125917808219,6.88469369746519,0.8301335915244891,0.7814592992205656,0.6180838626275093,0.9121516976500402,0.0,0.0003995433789954338,6.414083038149559,4.6758,0.2553,0,NONE
M0100,43.82426657534246,5.927152661096697,0.8311851083441143,0.7825921625944315,0.6166703036641615,0.9129423865838349,0.0,0.0003995433789954338,5.520889682611645,4.0159,0.2046,0,NONE
M0101,50.62277890410959,6.843518989354683,0.8307360160098639,0.7835948462658044,0.6161075398121026,0.9112628695584126,0.0,0.00034246575342465754,6.360583684903919,4.8134,0.2408,0,NONE
M0102,59.87032657534247,8.12963810034039,0.8302400853517515,0.7839992470045423,0.6178229204684781,0.9109609794559959,0.0,0.00017123287671232877,7.561525436189755,5.298,0.272,0,NONE
M0103,53.475613424657524,7.275248293796248,0.8311841213957362,0.7828098438683214,0.6207158116240333,0.9087283092516049,0.0,0.00017123287671232877,6.728292138104625,5.0261,0.25,0,NONE
M0104,42.83706410958904,5.821707880415304,0.829577236089498,0.7810732029005799,0.6180495550813763,0.9119688237920747,0.0,0.0005707762557077625,5.416750194121645,3.7997,0.2001,0,NONE
M0105,49.89194575342466,6.723450493172173,0.8319581219418735,0.7825036521326061,0.6161027258159076,0.9112601352465536,0.0,0.0003995433789954338,6.2454823751404245,4.7386,0.2434,0,NONE
M0106,31.20908082191781,4.255637101631792,0.8311655300282135,0.781417667849979,0.618858865714229,0.9107288665393252,0.0,0.0007990867579908676,3.9535654568552236,2.7636,0.1454,0,NONE
M0107,49.289512602739734,6.717375053452191,0.8287807876060818,0.7835091729775123,0.619130435245006,0.9106155775846754,0.0,0.00034246575342465754,6.223370920042087,4.5754,0.246,0,NONE
M0108,32.50828301369863,4.4041320611589585,0.830325240561371,0.7826976909548836,0.6206521834909836,0.9119332986956104,0.0,0.0005707762557077625,4.096483485142624,3.0187,0.159,0,NONE
M0109,59.02717863013699,8.005962749844938,0.830143258573826,0.7833534975603422,0.61822826515057,0.9135973157215966,0.0,0.00028538812785388126,7.4645803529112325,5.5593,0.3003,0,NONE
M0110,51.276477808219184,6.9059933437626535,0.8300838240599746,0.7847530918961788,0.6182103296649546,0.9100773322555358,0.0,0.0003995433789954338,6.400632197552521,4.8557,0.2449,0,NONE
M0111,29.87070383561644,4.060223277881278,0.8308930887032742,0.7806146424747594,0.6202804751494562,0.9125324722142107,0.0,0.00028538812785388126,3.775632063787934,2.7439,0.1422,0,NONE
M0112,38.84112520547945,5.239371675017752,0.8298799005841913,0.7842272211362624,0.6169876660660086,0.9140101650820547,0.0,0.0005136986301369863,4.8911513152799895,3.6681,0.1919,0,NONE
M0113,40.29807150684931,5.505468314721799,0.8298211636446543,0.7850565427203572,0.6186802392398769,0.9094076721152837,0.0,0.00034246575342465754,5.1095447518583,3.6662,0.1916,0,NONE
M0114,35.88795397260274,4.886530217282414,0.8307219108028142,0.7865215941011253,0.6189614630019773,0.9113705873267174,0.0,0.0008561643835616438,4.537593346768703,3.4069,0.1758,0,NONE
M0115,37.74076630136987,5.022941453645055,0.8290229381168955,0.7825787543154181,0.6207205412522273,0.9140925061782669,0.0,0.00034246575342465754,4.669897851479762,3.4812,0.1814,0,NONE
M0116,51.427095342465755,6.922831229413279,0.8287860598392416,0.7820309997359081,0.6186830449181274,0.9119528699693049,0.0,0.00022831050228310502,6.4363011300256465,4.6737,0.2536,0,NONE
M0117,56.85464054794521,7.823830573965005,0.8334554180666771,0.7833984002042975,0.6164042048670842,0.9116611988538802,0.0,0.0005707762557077625,7.277646836091752,5.3201,0.272,0,NONE
M0118,23.611368767123288,3.1690142856144434,0.8302838756277815,0.7813624173755404,0.6191228279071151,0.9116389817752175,0.0,0.0009703196347031963,2.944516020594636,2.1978,0.106,0,NONE
M0119,56.68814136986302,7.673077214700882,0.8294732802483984,0.7816641418636773,0.6171247276808484,0.9151253165336367,0.0,0.00045662100456621003,7.1641595684970385,5.3667,0.2632,0,NONE
M0120,59.460213698630135,8.118171322614984,0.8313480286869617,0.7841839985200605,0.6179839828079765,0.9100699008083805,0.0,0.00011415525114155251,7.527586445891007,5.3255,0.2919,0,NONE
M0121,23.742802191780825,3.206419994151777,0.8298562866033898,0.7821515894943079,0.6185175134039216,0.9128741058159268,0.0,0.0007420091324200913,2.9874696993904175,2.297,0.1165,0,NONE
M0122,38.13925616438356,5.189837288663146,0.8328645828463153,0.7850808067588081,0.614547966845659,0.9114946779317578,0.0,0.0007990867579908676,4.821752913955878,3.5008,0.1859,0,NONE
M0123,24.70883068493151,3.3613233730528926,0.8302328318121037,0.7842004146884575,0.6151570539477239,0.9108287955386167,0.0,0.0010273972602739725,3.123830416822126,2.4222,0.1212,0,NONE
M0124,53.62220493150685,7.338889052085592,0.8303521735660081,0.783887214019757,0.6202426341903061,0.9126646999182093,0.0,0.0005136986301369863,6.84304142545675,5.1678,0.2725,0,NONE
M0125,36.942449315068494,4.977197747362722,0.8302126393665954,0.7823751060223806,0.6172149014780797,0.9124305598954326,0.0,0.0006849315068493151,4.625854608434506,3.6202,0.1791,0,NONE
M0126,30.66044410958904,4.168156979290791,0.8302159438208901,0.7819974229749982,0.6200523098429371,0.9102704440609172,0.0,0.0006278538812785388,3.8633065051015865,2.8494,0.1496,0,NONE
M0127,56.131050958904105,7.593436769771441,0.8310824011602123,0.7835510035599144,0.6189064969926794,0.913865568080414,0.0,0.0003995433789954338,7.073532590224451,5.2882,0.2775,0,NONE
M0128,58.703446849315064,8.01639927290344,0.830018506068695,0.782695571687533,0.6187853439093536,0.912981610079222,0.0,0.00011415525114155251,7.459310554695807,5.7188,0.292,0,NONE
M0129,41.01135561643835,5.5795845240771635,0.8308975325514553,0.7830516907178372,0.6161035817609346,0.9099149648139185,0.0,0.00017123287671232877,5.186073604815097,3.9671,0.1948,0,NONE
M0130,38.06896520547946,5.164097408786928,0.8301951376657974,0.7860664290195281,0.6174261550986162,0.9132078829649187,0.0,0.0003995433789954338,4.808146759948573,3.4893,0.1723,0,NONE
M0131,53.60126739726027,7.328958313213329,0.8296310331776352,0.7847455424990262,0.6186790727974631,0.91089603689826,0.0,0.00045662100456621003,6.819587769856701,4.9082,0.2622,0,NONE
M0132,52.12573890410958,7.063802303161707,0.830627570307836,0.783312254021713,0.6194286300264169,0.9109350517247227,0.0,0.0005707762557077625,6.554925375088665,4.787,0.2408,0,NONE
M0133,51.63724273972603,7.042632586446193,0.830983972217552,0.7813961695558328,0.61694886184174,0.9114751389705757,0.0,0.0003995433789954338,6.545275958215065,4.7057,0.2416,0,NONE
M0134,59.32661698630137,8.120547652780832,0.8300484337727421,0.7825565661488137,0.6196429520952114,0.9103907759807524,0.0,0.00028538812785388126,7.543631111402503,5.556,0.2941,0,NONE
M0135,37.364385479452054,5.0806785758478945,0.8297530542893079,0.7851263791532878,0.6178668199036833,0.9114843389882614,0.0,0.0005136986301369863,4.717420711186046,3.4383,0.1761,0,NONE
M0136,58.052431232876714,7.937221862653764,0.8327116273980163,0.7839628904859092,0.6182019220021922,0.9089975759023055,0.0,0.00011415525114155251,7.358702205640362,5.3212,0.2755,0,NONE
M0137,28.42968410958904,3.87883835718574,0.8308235636529574,0.7845116794669755,0.6194714345571388,0.9094286646771683,0.0,0.0008561643835616438,3.598105941086221,2.7217,0.1339,0,NONE
M0138,28.344912602739726,3.8524438165359416,0.8313832894766506,0.7831665875630682,0.6177397769179505,0.9123505230531248,0.0,0.0006278538812785388,3.5816908880033416,2.6593,0.14,0,NONE
M0139,50.76412849315069,6.888740387141808,0.8306566772466057,0.7824612808577676,0.6174650835057982,0.911351684389842,0.0,0.00028538812785388126,6.395280322273436,4.6427,0.2379,0,NONE
M0140,34.768123835616436,4.687531330041124,0.8308759259232719,0.7828162804550686,0.6170128537489825,0.9099600642660427,0.0,0.00028538812785388126,4.340231626411355,3.144,0.1765,0,NONE
M0141,33.892715342465756,4.618577656099689,0.8306382685237554,0.7830963491800087,0.6167601623733443,0.9129674380863063,0.0,0.0006278538812785388,4.304335557238381,3.1129,0.1518,0,NONE
M0142,56.39819095890411,7.634958202995218,0.8303757690985879,0.7835581568252201,0.6167140329753799,0.9120518707447048,0.0,0.00034246575342465754,7.103094127658425,5.2008,0.2781,0,NONE
M0143,26.122367671232876,3.5556312334742297,0.831404771170438,0.7824985938120806,0.6177504430104135,0.9106813544244893,0.0,0.0008561643835616438,3.3062978960628,2.5036,0.1191,0,NONE
M0144,37.15782273972602,4.988785818978485,0.8299855229429434,0.7816163519304525,0.6189272559464044,0.9116097610951053,0.0,0.0006278538812785388,4.625065033740845,3.5662,0.1903,0,NONE
M0145,42.82097863013698,5.821386685302463,0.8306636312531356,0.7837206372253809,0.618637768276454,0.9137939684412414,0.0,0.0005707762557077625,5.429162836856631,4.1395,0.1982,0,NONE
M0146,55.91426602739726,7.506012140383864,0.8293011435250227,0.7821962865531416,0.6177899816460214,0.9147407484617716,0.0,0.00028538812785388126,7.006617938216963,5.2295,0.2718,0,NONE
M0147,22.846314794520545,3.121603327574722,0.8308393621252921,0.7841096219692505,0.6181935369017505,0.9087824761013962,0.0,0.0009703196347031963,2.8919335319722155,2.1982,0.1094,0,NONE
M0148,24.750857260273975,3.385581691385901,0.8337515697586566,0.7837222280080216,0.616965091737936,0.9097732867686018,0.0,0.00045662100456621003,3.14561374631788,2.3535,0.119,0,NONE
M0149,26.06705205479452,3.5006030802676786,0.8292208694693664,0.7814876778879393,0.620792622222485,0.9145683996533704,0.0,0.0008561643835616438,3.2629893676975406,2.4154,0.1306,0,NONE
M0150,37.047782739726024,5.034695680585109,0.830663089697451,0.7848520768071969,0.6173242797515067,0.911648083631857,0.0,0.0005136986301369863,4.67833123342056,3.4527,0.1852,0,NONE
M0151,58.974316712328765,8.094141938567082,0.8314277759351465,0.7840491731166744,0.6173380151328441,0.9086458778492097,0.0,5.7077625570776254e-05,7.50727554259316,5.6456,0.2909,0,NONE
M0152,42.32746657534247,5.726011177366865,0.8301184405517994,0.7828079548060992,0.6198422681280359,0.9109096771064342,0.0,0.0005707762557077625,5.318958388615932,4.0796,0.2186,0,NONE
M0153,28.240972054794526,3.8625904459181584,0.8320486530368236,0.7859242388037362,0.6159753345303646,0.9121517087892342,0.0,0.0005707762557077625,3.595559275557083,2.704,0.128,0,NONE
M0154,46.76850082191781,6.41268577837474,0.8310719440208957,0.7839700869378778,0.6177698060760296,0.9112110590179126,0.0,0.00022831050228310502,5.961652104129844,4.3506,0.2339,0,NONE
M0155,29.253539452054795,3.975458437677722,0.8295732644733811,0.7855410969999256,0.6191667318605543,0.9140514692447733,0.0,0.0006849315068493151,3.7123887266868656,2.7766,0.131,0,NONE
M0156,31.241564657534244,4.265740297762016,0.8300051007357807,0.7828265747321284,0.6194408963684824,0.9102450684144385,0.0,0.0007990867579908676,3.963414199564397,3.1238,0.1518,0,NONE
M0157,42.555878082191775,5.78565514031947,0.829862930514496,0.7801368607673773,0.6188558309098562,0.9109448791762736,0.0,0.0006278538812785388,5.383214881137438,3.9954,0.2114,0,NONE
M0158,33.44586,4.629259442607103,0.8314529937515749,0.7821785062945842,0.6160802603369568,0.9059928216497962,0.0,0.0005707762557077625,4.282060416607125,3.124,0.1645,0,NONE
M0159,54.28195260273973,7.407209599391209,0.8320618553534508,0.784484532142379,0.6173736796119598,0.9099772069964829,0.0,0.00028538812785388126,6.878809097433617,5.3662,0.2659,0,NONE
M0160,60.16470328767123,8.175571255871013,0.8307010561605992,0.7822866797221534,0.6160736065603929,0.9108518390698348,0.0,0.00011415525114155251,7.602762737900072,5.5423,0.2898,0,NONE
M0161,35.24885589041096,4.769951745672435,0.8314403794726103,0.7834029116349631,0.6187906824152082,0.9104190041881526,0.0,0.00034246575342465754,4.422760286942351,3.4734,0.1606,0,NONE
M0162,34.38039589041096,4.652211239346838,0.8303775251032257,0.7872742061607115,0.6192948418187625,0.9127973753453011,0.0,0.00028538812785388126,4.323485064743503,3.2021,0.1702,0,NONE
M0163,43.21661068493151,5.929949538387749,0.8311102870607954,0.7830614456801016,0.6183643091793579,0.9137836149494095,0.0,0.00034246575342465754,5.537536761694222,4.0655,0.2153,0,NONE
M0164,30.476894794520547,4.11694981458658,0.8304740091594127,0.7833491481229005,0.6188363575571015,0.9138082498231709,0.0,0.0005707762557077625,3.8326303630569214,2.8029,0.1521,0,NONE
M0165,46.65219342465754,6.338429460204603,0.8309478876025973,0.783110310839224,0.6195199946473299,0.9103839481254151,0.0,0.00022831050228310502,5.87928309119956,4.5721,0.2315,0,NONE
M0166,54.719230136986305,7.42911739953457,0.8308058783954638,0.7842201965670436,0.6191177532415933,0.9119150168157113,0.0,0.0003995433789954338,6.911510615669156,5.0043,0.2496,0,NONE
M0167,27.150717534246574,3.6831166663409562,0.8294966688530349,0.7816879754625794,0.6190100228437238,0.912495468762982,0.0,0.0010844748858447489,3.429149449131142,2.4402,0.1338,0,NONE
M0168,44.869523013698625,6.057073995080999,0.8298782159790954,0.7845390693662148,0.6182635078061485,0.9108906904171615,0.0,0.0003995433789954338,5.615288285809021,4.0522,0.2215,0,NONE
M0169,45.53019260273972,6.203220908052,0.8307406848538016,0.7832947899688107,0.6164403994153651,0.9128650604413494,0.0,0.00022831050228310502,5.78719850972812,4.2928,0.2129,0,NONE
M0170,23.902727397260275,3.273054251541371,0.8313573870470506,0.7844135601315403,0.615912182492917,0.909118266161098,0.0,0.0010273972602739725,3.036367305796594,2.2134,0.1094,0,NONE
M0171,24.36191808219178,3.315930560057416,0.8319628111824943,0.784863514593366,0.6180362934435611,0.9122391753409262,0.0,0.0009132420091324201,3.0878425329540433,2.2728,0.1175,0,NONE
M0172,42.85310438356164,5.831347813062072,0.8304992164350692,0.7835318785981004,0.6201849900725119,0.9138322537581992,0.0,0.00034246575342465754,5.435490309739427,4.1694,0.2052,0,NONE
M0173,33.32142602739726,4.502117067266261,0.8306812715359754,0.7828661520964706,0.6173173676330318,0.9125034634801165,0.0,0.00034246575342465754,4.185925470787633,3.0914,0.1663,0,NONE
M0174,51.423248219178085,6.938024045240752,0.8291565852726921,0.7840238417831262,0.6166684323775505,0.9148861172611048,0.0,0.0003995433789954338,6.461171692024066,5.1865,0.2495,0,NONE
M0175,28.307715616438355,3.8732420132196417,0.831690223830745,0.7813844881610476,0.6154130163836244,0.9093647928082771,0.0,0.0007420091324200913,3.593619859835071,2.6054,0.1338,0,NONE
M0176,40.75053342465753,5.517805094905332,0.830162685219823,0.7849161099194674,0.6173271822071342,0.9119910631272118,0.0,0.0003995433789954338,5.1255283685759325,3.9103,0.2022,0,NONE
M0177,34.04386136986301,4.5923510809169645,0.8307672068744044,0.7840139496523465,0.6166083595418014,0.9128302421051802,0.0,0.0003995433789954338,4.264320522627318,3.4136,0.1716,0,NONE
M0178,43.74462712328767,5.952047473533949,0.8312521904082724,0.7833464463324161,0.6164867554717023,0.9117832209134042,0.0,0.0005707762557077625,5.53464209723655,4.0396,0.2005,0,NONE
M0179,36.179546575342464,4.928809940255907,0.8321737842574348,0.7844930044594892,0.6172504548977771,0.9104446680191819,0.0,0.00017123287671232877,4.568385061837097,3.2788,0.179,0,NONE
M0180,31.24464301369863,4.262445378037662,0.8323380262302456,0.7828305652619791,0.6177806823614892,0.912519353258926,0.0,0.0006849315068493151,3.976994738355351,2.9136,0.1487,0,NONE
M0181,26.19395260273972,3.5685475527651622,0.8308365905549846,0.783649325410071,0.6179678808262354,0.9111350152390424,0.0,0.0005707762557077625,3.3170258195761266,2.506,0.1272,0,NONE
M0182,59.67647589041096,8.052153797605722,0.8303489259709961,0.7833562639334792,0.6170865068901626,0.9112043355926275,0.0,0.00034246575342465754,7.490941739986818,5.7401,0.2741,0,NONE
M0183,58.56672273972603,7.92410380447684,0.8297477225307174,0.7849895731391497,0.6193628740611413,0.9104255064899669,0.0,0.00022831050228310502,7.35607897989515,5.3866,0.2864,0,NONE
M0184,52.94079287671233,7.234481203097503,0.8308779363101625,0.7805829859529692,0.6153978796526348,0.909977991965807,0.0,0.00045662100456621003,6.71278399425352,5.1746,0.2605,0,NONE
M0185,31.92551780821918,4.3027124793407125,0.8304969867742333,0.7830214171863357,0.6153541547914655,0.9126041273540271,0.0,0.0006278538812785388,3.9985253145777584,2.8965,0.1497,0,NONE
M0186,34.904850136986305,4.7669149031046185,0.830683884826484,0.7840349745804465,0.6189956421279947,0.9127505400033802,0.0,0.0007420091324200913,4.433993112703028,3.1959,0.1689,0,NONE
M0187,43.39109863013699,5.9982260786390125,0.8321225263018042,0.7819555264911277,0.6185683181170956,0.9092233333221812,0.0,0.0003995433789954338,5.5787592590163015,4.2309,0.2074,0,NONE
M0188,42.07766821917808,5.7847772642522015,0.8319569722022082,0.7820740013485925,0.6184343207756845,0.9080307057400574,0.0,0.0005136986301369863,5.360474453139794,3.9685,0.204,0,NONE
M0189,39.54601123287671,5.373108113202701,0.8324516519468488,0.7843716275050168,0.6148744201685996,0.9137601281638773,0.0,0.00045662100456621003,5.013036863451012,3.5653,0.1892,0,NONE
M0190,51.310373424657534,7.036607084850769,0.8317518279341022,0.7838206469998034,0.619295818458906,0.9121015581660022,0.0,0.00022831050228310502,6.558485327793083,4.6955,0.2591,0,NONE
M0191,28.45232465753425,3.900148655886941,0.8305405771065261,0.7845170572515886,0.6190707589469556,0.9124420473357713,0.0,0.0007990867579908676,3.626061702150317,2.8368,0.1367,0,NONE
M0192,48.2311501369863,6.585501294062605,0.8316922538446688,0.7844130120018268,0.6189593674519803,0.9124073243334936,0.0,0.00028538812785388126,6.129339308835277,4.3216,0.2258,0,NONE
M0193,23.316999452054795,3.2039774558908563,0.8314208030456665,0.7830005217584541,0.6172658669070108,0.9130426836380621,0.0,0.001312785388127854,2.9925878501070664,2.1478,0.1173,0,NONE
M0194,26.890912876712328,3.6849212432611136,0.8322986143690134,0.7842487365816536,0.6162308700878225,0.9138005975357151,0.0,0.0007420091324200913,3.4380842057914993,2.5654,0.1301,0,NONE
M0195,46.06547095890411,6.263989456082485,0.830087894949814,0.7801514048426657,0.6177558278667394,0.9125894408493473,0.0,0.00045662100456621003,5.815117510039883,4.2894,0.2255,0,NONE
M0196,27.835746301369863,3.8247184695744783,0.8314390295848683,0.782289836902206,0.6174900217376595,0.9131658386618324,0.0,0.0007990867579908676,3.5686794550391454,2.6949,0.1298,0,NONE
M0197,27.882818082191783,3.788989212091064,0.8292531458271197,0.7850150453099616,0.6189259211725808,0.9110027629123717,0.0,0.0005136986301369863,3.51566523203973,2.6619,0.1369,0,NONE
M0198,23.494678356164385,3.1962620919242553,0.831209518889706,0.7826704158772827,0.6196684354698867,0.9132951205803037,0.0,0.0006849315068493151,2.9782985605431365,2.1999,0.1121,0,NONE
M0199,48.21771205479452,6.569961916072687,0.8297146663251924,0.7812469520313647,0.6213418884871797,0.9093861854959369,0.0,0.0003995433789954338,6.0941147682059595,4.5074,0.2348,0,NONE
M0200,37.85344,5.113344307766614,0.830550641014671,0.7829184770930929,0.6172227427901421,0.9132332677880862,0.0,0.00028538812785388126,4.759851692085067,3.6099,0.1621,0,NONE
M0201,52.000550410958915,7.133840385832071,0.831646041592263,0.7844988238469396,0.6173724106154874,0.9121496394627299,0.0,0.0007420091324200913,6.628432691225028,5.0017,0.2466,0,NONE
M0202,26.98244657534247,3.6172315067961636,0.8287365536715361,0.7852480929748288,0.6211593015679345,0.9105236467818197,0.0,0.0006849315068493151,3.3502369289784815,2.4871,0.1367,0,NONE
M0203,53.65975890410959,7.316602949374866,0.8319991970654238,0.783004756714836,0.6185558442647842,0.9104163665880263,0.0,0.00034246575342465754,6.792866083563754,4.9932,0.2536,0,NONE
M0204,31.662600547945207,4.280456179659909,0.8303984492205079,0.7848589903033364,0.6157340274166998,0.9113447751493662,0.0,0.0003995433789954338,3.971860085305037,3.1585,0.1514,0,NONE
M0205,38.84785095890411,5.214977617520732,0.8289521832102312,0.7855311126880564,0.6176076967036299,0.9110915783013895,0.0,0.00022831050228310502,4.8317271413445955,3.5904,0.1759,0,NONE
M0206,47.758466575342474,6.488258646360095,0.8307921475139942,0.7815815224791816,0.618093699891294,0.9120507059639513,0.0,0.0003995433789954338,6.039244273880398,4.6577,0.2382,0,NONE
M0207,45.84661369863014,6.2116248145059005,0.8299769451446457,0.7815205964758923,0.6184813597279095,0.9106136530269017,0.0,0.0006278538812785388,5.750662440926028,4.3739,0.2231,0,NONE
M0208,40.20737534246575,5.454565527444101,0.8310341615337093,0.7849807585533559,0.6182138720002409,0.9121296763792471,0.0,0.0003995433789954338,5.074491536583427,3.6889,0.189,0,NONE
M0209,56.38241397260275,7.5774944546150484,0.8301564480477568,0.7833685980305308,0.6181587231073818,0.913443388566982,0.0,0.00045662100456621003,7.050488077368886,5.582,0.2687,0,NONE
M0210,48.55922191780822,6.628301960807094,0.8309939463744798,0.7828417835020414,0.6173267662786209,0.9108852329254292,0.0,0.00022831050228310502,6.1589582576311495,4.5714,0.2395,0,NONE
M0211,39.607243561643834,5.391849063545706,0.8308175013662655,0.78341778867517,0.6177232114622802,0.912491379813048,0.0,0.00045662100456621003,5.018128597711528,3.7737,0.1853,0,NONE
M0212,60.01268876712329,8.202394599388446,0.831056195446072,0.7831420237317475,0.6174177611323421,0.9098959571785484,0.0,0.0003995433789954338,7.62574330369569,5.5411,0.2841,0,NONE
M0213,24.583748767123286,3.3122917696325715,0.8314878610140467,0.7837410770820838,0.6184540561594375,0.9117629087965337,0.0,0.0007420091324200913,3.07037800794873,2.2518,0.1184,0,NONE
M0214,52.46892712328766,7.092405869366773,0.8297247903508672,0.7874960031235515,0.6164130669138426,0.9117667265087587,0.0,0.0003995433789954338,6.585473809112085,4.8186,0.2562,0,NONE
M0215,60.21666465753425,8.118549741580832,0.8304016440992298,0.7811292436715539,0.6186943760762295,0.9112772166760503,0.0,0.00022831050228310502,7.520247734490501,5.8476,0.2883,0,NONE
M0216,24.823585479452056,3.3428256960476874,0.8314917472610005,0.7853422110052957,0.6189166170038266,0.9130702977396377,0.0,0.0006278538812785388,3.107573046268917,2.2796,0.1172,0,NONE
M0217,37.11692191780822,4.995499416707051,0.8292776060537967,0.7825258531312955,0.6184208255028213,0.9089045074751014,0.0,0.00028538812785388126,4.626585063256543,3.4467,0.1871,0,NONE
M0218,52.06096876712328,7.064989517118114,0.8310474119407129,0.7828583065139213,0.6161996247707503,0.9141896272539877,0.0,0.0006278538812785388,6.587102221938619,5.175,0.2603,0,NONE
M0219,44.5979298630137,6.109897383057744,0.8317770446756598,0.7818626619271904,0.6205803544072614,0.9078361866784951,0.0,0.0005707762557077625,5.65776391248167,4.4944,0.2147,0,NONE
M0220,22.671599452054792,3.098941333311651,0.8307859721774413,0.7844107730927068,0.6171777335924756,0.9135512882572777,0.0,0.0005136986301369863,2.891141960229295,2.1082,0.1114,0,NONE
M0221,33.26804684931507,4.494123517509147,0.8289300220137685,0.7843254399698862,0.6214464673166334,0.9135698778938716,0.0,0.0005136986301369863,4.192040799924982,3.2736,0.16,0,NONE
M0222,45.28998273972602,6.143053605545687,0.8308799813501656,0.7833931666651605,0.6183378149573475,0.9102019906139601,0.0,0.00022831050228310502,5.697171920592268,4.5377,0.2303,0,NONE
M0223,29.583805479452053,4.0157906257361216,0.8323601615966472,0.785507359485256,0.6167435145497262,0.9117072321541771,0.0,0.0008561643835616438,3.7404542019493965,2.6937,0.1391,0,NONE
M0224,29.618720821917808,3.9974768120068305,0.8305761445251765,0.7828278546861777,0.6185427368620073,0.9108998133204402,0.0,0.0007990867579908676,3.7034374756914046,2.7814,0.1457,0,NONE
M0225,49.035137808219176,6.622480638317132,0.8308164256815664,0.7830789229673554,0.6173428930186253,0.9133075468202098,0.0,0.00034246575342465754,6.157951649451048,4.7174,0.2478,0,NONE
M0226,46.05658301369863,6.256130650733833,0.832578322718273,0.7824936988925498,0.6168478453290941,0.9122985730021567,0.0,0.0005707762557077625,5.84216639449225,4.3497,0.2236,0,NONE
M0227,50.94846602739726,6.898660271322064,0.8307684031470279,0.7843347466830795,0.617844892709899,0.9102265633109142,0.0,0.00022831050228310502,6.395335325860163,4.893,0.2423,0,NONE
M0228,24.767552328767124,3.373346263275085,0.830304899818792,0.783612873365164,0.6177307834934456,0.9118058982496803,0.0,0.0005136986301369863,3.1335012105260476,2.335,0.12,0,NONE
M0229,32.23925315068494,4.364407680041681,0.831303519806632,0.7844994220270457,0.6150372726154054,0.9088379835459336,0.0,0.0007990867579908676,4.038118118913852,3.0512,0.156,0,NONE
M0230,32.12740191780822,4.362467273641742,0.8321573377023502,0.7834245485243584,0.6192611103786285,0.9127274608834737,0.0,0.0003995433789954338,4.068538378206021,2.9545,0.1587,0,NONE
M0231,54.35472246575343,7.446993457613324,0.8304026163375752,0.7836147801542693,0.6191882056244593,0.9112890749044209,0.0,0.00034246575342465754,6.929775138217183,4.9106,0.2503,0,NONE
M0232,37.79544630136987,5.147284886727227,0.8311851870925664,0.782740233016294,0.6190472284538056,0.9105707948631122,0.0,0.00034246575342465754,4.776095585792947,3.583,0.1819,0,NONE
M0233,59.26148739726027,8.017697732592216,0.8311750365625898,0.7840725129860112,0.6160813286957156,0.9120744175737402,0.0,0.0003995433789954338,7.457630314522208,5.5088,0.287,0,NONE
M0234,39.671573150684935,5.400001233505373,0.8308545160710267,0.7830209019493518,0.6164290705582006,0.9101301412756055,0.0,0.0006278538812785388,5.014047811224087,3.6277,0.1732,0,NONE
M0235,36.62841726027397,4.998214601449833,0.8306692599203555,0.7844701622185831,0.6193968175817285,0.9101063209313776,0.0,0.00028538812785388126,4.6341448430087855,3.2933,0.1842,0,NONE
M0236,26.82860821917808,3.645497299934998,0.8301853131211796,0.7837289966315382,0.6178239845509945,0.9137365562468455,0.0,0.0009132420091324201,3.3988354164950874,2.4348,0.1262,0,NONE
M0237,39.529378904109585,5.3701839287130175,0.8305184259786444,0.7825550319547494,0.6169691618730097,0.9104902878040309,0.0,0.00045662100456621003,4.971564941958558,3.5992,0.1933,0,NONE
M0238,27.297183835616437,3.719030502038823,0.8318034091961076,0.7841671292104925,0.6186734884844739,0.9131571444396818,0.0,0.0006278538812785388,3.468479376714801,2.5074,0.133,0,NONE
M0239,56.37743452054794,7.590775140138569,0.8308586014952033,0.784335915941772,0.6178030751228105,0.9112018292028736,0.0,0.00017123287671232877,7.035534020968736,5.2845,0.264,0,NONE
M0240,55.14400931506849,7.488838720706179,0.8317729302272443,0.7842714908729896,0.6154288857416423,0.9140092904127428,0.0,0.00022831050228310502,6.977102812936139,5.0553,0.2557,0,NONE
M0241,28.594663561643834,3.908030585332448,0.8319936338128411,0.7815999840321312,0.6155330154564879,0.9112592921481389,0.0,0.0006849315068493151,3.626943079699269,2.7945,0.1386,0,NONE
M0242,26.99646602739726,3.6491402639882558,0.8301101183970654,0.7856315108490333,0.6179907323876217,0.9136633406672431,0.0,0.0009132420091324201,3.404441664245118,2.438,0.1327,0,NONE
M0243,38.18862739726028,5.124650177282549,0.8304348600619633,0.7836724254570742,0.6157906788164161,0.9129580215792696,0.0,0.0005707762557077625,4.771892936013187,3.4748,0.1886,0,NONE
M0244,42.30820575342466,5.719898461381178,0.8324574654709318,0.7815350924705542,0.6180479882279877,0.9139532617708896,0.0,0.00045662100456621003,5.322552228618253,3.9599,0.2077,0,NONE
M0245,24.296436986301366,3.3145549655405913,0.8307893275377598,0.784285533851727,0.6203481816219406,0.9111671808396944,0.0,0.0005707762557077625,3.0772834131378834,2.2952,0.1229,0,NONE
M0246,50.73949616438357,6.926506362584194,0.8326046392832472,0.7870997248454603,0.6151546543998888,0.9113682509037452,0.0,0.0003995433789954338,6.435438459410863,4.7529,0.2528,0,NONE
M0247,46.47093945205479,6.380699815530566,0.8304066044790006,0.7818755141692719,0.6198943285155872,0.9094542536213647,0.0,0.0005707762557077625,5.915392767631596,4.5853,0.2133,0,NONE
M0248,31.20444739726027,4.217431663376104,0.8306394959419011,0.7853788780958457,0.616200501711683,0.9132480745542559,0.0,0.0006849315068493151,3.9209437863850294,2.9707,0.1513,0,NONE
M0249,26.71299643835616,3.651678836494916,0.8307672404382261,0.7825596189479113,0.6176273808446012,0.9115348991333189,0.0,0.0006278538812785388,3.4003593671878303,2.5876,0.123,0,NONE
M0250,58.46905643835617,7.907194768557612,0.8301551436871191,0.7840106176216629,0.6163882544825924,0.9105022458168605,0.0,0.0005136986301369863,7.331475642331686,5.4278,0.281,0,NONE
M0251,36.63434,4.995796192084517,0.8307785561556867,0.783778726924753,0.6173292807454731,0.9107963003657391,0.0,0.0007420091324200913,4.645885924697331,3.3297,0.1755,0,NONE
M0252,37.06516575342466,5.013099967119641,0.8291654458266386,0.7831301327908554,0.6183021992647442,0.9137302738280617,0.0,0.00045662100456621003,4.671996155929307,3.4754,0.1581,0,NONE
M0253,25.46323178082192,3.438776393738049,0.8302249396833756,0.7809816041757124,0.6205519740361294,0.9125445948349074,0.0,0.0011986301369863014,3.2049690304660987,2.3533,0.1166,0,NONE
M0254,42.847902739726024,5.770449549739723,0.8307627913215643,0.783648849949008,0.6188610319887508,0.9145262471934659,0.0,0.00045662100456621003,5.386035275417268,4.0273,0.2136,0,NONE
M0255,28.674097808219173,3.8953820365330833,0.8318481660982274,0.7851835973171061,0.6176445532351161,0.9094031042015099,0.0,0.0005707762557077625,3.6052407099775095,2.7236,0.1332,0,NONE
M0256,53.66805095890412,7.242633939058238,0.8296250249411773,0.7847269278457515,0.6206456420575148,0.9135161809729586,0.0,0.00011415525114155251,6.737442002224099,5.2272,0.2681,0,NONE
M0257,39.682481643835615,5.397885255470707,0.8316500254654136,0.7829127697117325,0.6169421307718839,0.9085849668761762,0.0,0.00022831050228310502,4.997444021617925,3.8419,0.2012,0,NONE
M0258,25.184870684931507,3.4076752009800653,0.8300286674683786,0.7822446681128377,0.6207063900478441,0.9101189241941626,0.0,0.0007990867579908676,3.1623816607726116,2.4214,0.1222,0,NONE
M0259,32.3893506849315,4.437410005597986,0.832119142862151,0.7851201786405032,0.6138250918976463,0.9119054027210755,0.0,0.0005136986301369863,4.133533554491468,3.107,0.1667,0,NONE
M0260,52.97803095890411,7.258983709211975,0.831225271212982,0.7850559728128317,0.6173823706954447,0.909827231507035,0.0,0.00028538812785388126,6.724374959838648,5.0844,0.2611,0,NONE
M0261,24.456501095890413,3.3054443362426777,0.8312062324238749,0.7848925371427802,0.6188674675276059,0.9105632799173614,0.0,0.0007420091324200913,3.064296259196685,2.3355,0.1216,0,NONE
M0262,44.03436520547945,5.951043218368559,0.8307038687597222,0.7825020976151449,0.6192835547812308,0.9117285509000195,0.0,0.0005707762557077625,5.5352226643627995,3.9747,0.2258,0,NONE
M0263,43.34218136986301,5.856167508589808,0.8297457445022648,0.782699896279273,0.6164192749920672,0.9123635805549851,0.0,0.0005707762557077625,5.440360546652043,4.2659,0.1853,0,NONE
M0264,38.85964821917808,5.2786029020422385,0.8299081606947943,0.7838513408476805,0.6170748144964233,0.9132153018516568,0.0,0.0009703196347031963,4.911474523882274,3.6289,0.1861,0,NONE
M0265,53.135233150684925,7.245370597982707,0.8300929094104302,0.7849138789999675,0.6192518314808196,0.9098745348628936,0.0,0.00034246575342465754,6.740529992626315,5.0784,0.2354,0,NONE
M0266,47.71647972602739,6.542847112168694,0.8306523091523731,0.7807768787816486,0.6207274664871294,0.9102768369020028,0.0,0.0005707762557077625,6.0729672409459905,4.8446,0.236,0,NONE
M0267,48.21521232876713,6.55691911621025,0.8312281553777245,0.7830825913146376,0.6176032316130026,0.9104556792762506,0.0,0.0006278538812785388,6.091704900588089,4.5445,0.2453,0,NONE
M0268,29.695019452054794,3.9823929179094173,0.830447474628487,0.7850521567629802,0.6164257749441617,0.9125322352333793,0.0,0.0006849315068493151,3.702541738366905,2.7996,0.1466,0,NONE
M0269,45.063522739726025,6.11487075799493,0.8303285035796412,0.7835936268570408,0.6165317936047068,0.9134621950417019,0.0,0.0003995433789954338,5.696134842457412,4.3555,0.2193,0,NONE
M0270,41.79121589041096,5.671837862417172,0.8325019890589964,0.7834633852660403,0.6158979469011094,0.9134782304320048,0.0,0.00045662100456621003,5.287408041297187,3.9519,0.2033,0,NONE
M0271,57.14445780821918,7.723328546602456,0.8307132491395106,0.7816393136955332,0.6171992910336371,0.9130794228018596,0.0,0.00045662100456621003,7.194602100751829,5.7391,0.2821,0,NONE
M0272,48.46908465753425,6.589479220775167,0.8314393545831948,0.7827116933049051,0.6165866528981102,0.913073449909707,0.0,0.00022831050228310502,6.15052769239273,4.6933,0.2197,0,NONE
M0273,54.97678164383561,7.460841653182664,0.8317352397516645,0.7844822446953007,0.6164993224874792,0.9124560832569584,0.0,0.00022831050228310502,6.946191010081691,4.8539,0.2645,0,NONE
M0274,60.18403808219178,8.194840611330504,0.8300577275431521,0.7842497600490655,0.6174121931080296,0.9116351657072811,0.0,0.00034246575342465754,7.616279224985004,5.631,0.289,0,NONE
M0275,39.139347671232876,5.34866241468768,0.8309486915980809,0.7837588012156019,0.6183013334889182,0.9113220711187004,0.0,0.00022831050228310502,4.97781868053733,3.5855,0.1888,0,NONE
M0276,27.551668767123285,3.733806649733386,0.8316706857511426,0.7799240964441309,0.6161599541249211,0.9106429051433508,0.0,0.0006849315068493151,3.465659610786781,2.671,0.1368,0,NONE
M0277,35.40187835616438,4.829764489025096,0.8326348156273696,0.7844426318145462,0.6141122176997352,0.9093240497092724,0.0,0.0006278538812785388,4.4751383702992715,3.4919,0.1802,0,NONE
M0278,27.21240602739726,3.6676451470662665,0.8296768803823075,0.7823658288662496,0.6198529624921951,0.9146796431455864,0.0,0.0009703196347031963,3.423740549534282,2.5306,0.1299,0,NONE
M0279,38.556316712328766,5.24425163071252,0.8299889357507255,0.7833148212455057,0.6178745389670914,0.9080926856043914,0.0,0.0005136986301369863,4.860044977130967,3.693,0.1921,0,NONE
M0280,31.30451616438356,4.245944107148516,0.8302753394834084,0.7844634597724689,0.6176536880418347,0.9106735136149627,0.0,0.0006849315068493151,3.9362465354808105,3.1692,0.1509,0,NONE
M0281,48.69329589041096,6.6543298519769545,0.8311849129165871,0.7815156908237687,0.6173209499242801,0.9112888080230547,0.0,0.00034246575342465754,6.185614547980793,4.6156,0.2333,0,NONE
M0282,27.827719452054794,3.7769066865536622,0.8321987707054728,0.7840486900867587,0.6174040010700448,0.9132799979086967,0.0,0.0005707762557077625,3.5213298636117627,2.5092,0.1277,0,NONE
M0283,47.75547150684932,6.4337802789077925,0.8282841530648664,0.7830797499462209,0.6205265829949934,0.9106260853781075,0.0,0.0006278538812785388,5.9697652201570435,4.4319,0.2317,0,NONE
M0284,39.384105753424656,5.34193228326654,0.8293438670411558,0.7841238995533945,0.619341483510429,0.9125766575063305,0.0,0.00028538812785388126,4.974514976377835,3.8226,0.1933,0,NONE
M0285,42.10897315068493,5.686252754790719,0.8306466609838621,0.7835147693187752,0.6173859885065682,0.9110909605939953,0.0,0.0006278538812785388,5.293743903058379,3.6961,0.2051,0,NONE
M0286,49.684654520547944,6.813879118658855,0.8321073183777478,0.7819062113906514,0.6168674576832169,0.912877261609157,0.0,0.00011415525114155251,6.354387922846956,4.5672,0.2312,0,NONE
M0287,31.6206698630137,4.309654152453488,0.8298416976447416,0.7806687101810008,0.6246928795797315,0.910475689997278,0.0,0.0005136986301369863,4.00867310926196,2.9767,0.1612,0,NONE
M0288,41.99730493150685,5.742006689568773,0.8320994789140931,0.7827222408057233,0.615565713001771,0.9110018062940769,0.0,0.00034246575342465754,5.3367794864362414,3.8452,0.2009,0,NONE
M0289,55.258149589041096,7.532605938925324,0.8317569542669013,0.7825937286682837,0.6188143403278594,0.9139071282315003,0.0,0.0003995433789954338,7.038712031327744,5.2938,0.271,0,NONE
M0290,31.589966301369863,4.192639284893159,0.8298874246590722,0.7816694218662771,0.6184042431574412,0.9126516766174827,0.0,0.0005136986301369863,3.8980054926356504,2.775,0.154,0,NONE
M0291,56.27269726027398,7.683758792109636,0.8313724323966544,0.7826212775796269,0.6187278705052063,0.9128379866205557,0.0,0.00034246575342465754,7.158866108179706,5.4389,0.2851,0,NONE
M0292,33.72383397260274,4.6030008491411705,0.8307908629497737,0.7832158905457947,0.6179285122616802,0.9103849436261723,0.0,0.0007420091324200913,4.280448150414848,3.3177,0.1496,0,NONE
M0293,36.41200493150685,5.015087320854921,0.8310774058166847,0.7829594636694752,0.6165520278663207,0.9095473952378674,0.0,0.0005136986301369863,4.667279385982277,3.3334,0.1615,0,NONE
M0294,46.21702383561644,6.325565611256825,0.8320522528859007,0.7863653755580013,0.6151035751068483,0.9145556961807718,0.0,0.00011415525114155251,5.908693096108884,4.1826,0.2311,0,NONE
M0295,26.24906164383562,3.5788111013399706,0.8317850763062841,0.782055740553779,0.6170956437912705,0.9109719380834302,0.0,0.0006849315068493151,3.3238170528811226,2.377,0.1297,0,NONE
M0296,29.86899178082192,4.035145531586947,0.8303835068373592,0.78392775661171,0.6180737890430041,0.9123345113591625,0.0,0.00045662100456621003,3.757139086468829,2.902,0.1467,0,NONE
M0297,52.7572791780822,7.165751400804851,0.8312540393223788,0.7849468993054457,0.615982957751101,0.9120282093566786,0.0,0.00011415525114155251,6.656920449356492,4.8874,0.252,0,NONE
M0298,35.354973150684934,4.794351367889366,0.8292301310272019,0.7815746357066978,0.6191720832398048,0.9146585428314826,0.0,0.0007420091324200913,4.477412820801307,3.0787,0.1751,0,NONE
M0299,28.483611232876715,3.8901985168574993,0.8323328846603895,0.7824669592281268,0.6172630190692315,0.9126283429419865,0.0,0.0007990867579908676,3.625303333612153,2.7706,0.1313,0,NONE
M0300,44.670423013698624,6.075994613959472,0.8323238651730257,0.7832145223996162,0.6166392971360712,0.9104240247429853,0.0,0.0007990867579908676,5.647369809182988,4.4784,0.2157,0,NONE
M0301,28.482961369863013,3.875334372785621,0.8343851764126836,0.7839228405567742,0.6160410324971124,0.9118970705829146,0.0,0.0006278538812785388,3.5076082216017737,2.6167,0.0667,1,METER_BYPASS
M0302,42.333941643835615,5.733282852773739,0.8359749872765019,0.7865893019704743,0.6099916533873501,0.9187155077995307,0.0,0.0006278538812785388,5.304918386465192,3.9111,0.0984,1,METER_BYPASS
M0303,56.230762739726025,7.793578880045225,0.8342440437399278,0.7859152441401532,0.615724904347354,0.9112381121727307,0.0,0.00028538812785388126,7.132343473956998,5.114,0.1106,1,METER_BYPASS
M0304,34.723712876712334,4.847608282660013,0.8348208737774897,0.7913045073327633,0.6163143645212641,0.9149613233413666,0.0,0.0007420091324200913,4.472173223914847,3.3042,0.0808,1,METER_BYPASS
M0305,55.69913123287671,7.520585803661216,0.8341002880005086,0.7876435448556576,0.6092583374470483,0.9108120948100719,0.0,0.0005707762557077625,6.900792817616012,5.1854,0.1353,1,METER_BYPASS
M0306,50.273649041095894,6.896113156781313,0.8336543959380758,0.7852944271402458,0.6202856348217586,0.9157836943300975,0.0,0.0005707762557077625,6.309359112611349,4.6721,0.1271,1,METER_BYPASS
M0307,24.808184931506847,3.4647709241417117,0.8356282654106465,0.7897892605952789,0.6206316769137892,0.9148230241004361,0.0,0.0008561643835616438,3.1925388519792834,2.2836,0.0676,1,METER_BYPASS
M0308,37.70830273972602,5.223241296769486,0.8346658863314702,0.7838456100412049,0.6166279508842712,0.9136221691832906,0.0,0.0005136986301369863,4.820926662307918,3.6725,0.0899,1,METER_BYPASS
M0309,55.03349479452055,7.7192518900602085,0.8356128295155749,0.7854397466073749,0.6175703995980688,0.9109701975498309,0.0,0.00028538812785388126,7.070082566498483,5.0389,0.1002,1,METER_BYPASS
M0310,23.666736712328767,3.26005582435014,0.8350405406261268,0.786536591801275,0.6145653693285018,0.909260664459649,0.0,0.0003995433789954338,2.9891043351976685,2.1218,0.053,1,METER_BYPASS
M0311,46.69254767123288,6.510737008202217,0.836279383395656,0.7859206197191345,0.6176845042884213,0.9081338594817678,0.0,0.00034246575342465754,5.926519910693509,4.4182,0.1137,1,METER_BYPASS
M0312,51.90997671232876,7.096542767914973,0.8345678194208803,0.7817702945342756,0.6129243703794064,0.912654658542955,0.0,0.0005707762557077625,6.5186919144519795,4.8583,0.1138,1,METER_BYPASS
M0313,45.86164767123288,6.5383558635302785,0.8352998154160481,0.7879349027264881,0.6183205240686513,0.9074422529921302,0.0,0.00034246575342465754,5.955045462700473,4.4089,0.0992,1,METER_BYPASS
M0314,50.4559909589041,6.9327529220654505,0.8347426171848803,0.7849430318823452,0.6170650593220479,0.9134425207117194,0.0,0.00045662100456621003,6.308456884870638,4.6169,0.1026,1,METER_BYPASS
M0315,47.40658328767123,6.675473918289128,0.8361016017818829,0.7860558930696769,0.6199105170077777,0.9106592511598041,0.0,0.00045662100456621003,6.111423358668637,4.4342,0.1147,1,METER_BYPASS
M0316,56.625314246575336,7.74818616537883,0.8344970279933029,0.7859817452889457,0.6175684090915952,0.909098725169874,0.0,0.00011415525114155251,7.0474081714002095,5.2204,0.145,1,METER_BYPASS
M0317,30.235830684931507,4.208374152451619,0.8335126784674072,0.7831675173665897,0.6175930033861352,0.9130402879954598,0.0,0.0005707762557077625,3.8512627201958334,2.8603,0.0679,1,METER_BYPASS
M0318,27.89978301369863,3.801369829190801,0.8366509261614898,0.7823540927606164,0.6166815194570865,0.9191795788231373,0.0,0.0006849315068493151,3.5138760001467153,2.5763,0.0713,1,METER_BYPASS
M0319,38.209269041095894,5.249365688530713,0.8361726302233444,0.7881387767030469,0.6113403677099991,0.9114573124272124,0.0,0.0005136986301369863,4.8270349385452915,3.6301,0.0877,1,METER_BYPASS
M0320,49.39648739726027,6.999742379137341,0.8364309228879304,0.7843204788982225,0.6147996666007727,0.9095469354738596,0.0,0.0003995433789954338,6.349506918046391,4.6588,0.1041,1,METER_BYPASS
M0321,56.75499589041095,7.945393753115293,0.8359374288624689,0.7829265227173807,0.6185069325670635,0.9048149528591325,0.0,0.00022831050228310502,7.1527261793996155,5.1847,0.1057,1,METER_BYPASS
M0322,22.542064931506847,3.146175038116939,0.8356037870423803,0.7861115346382099,0.6217797458914539,0.9100812843725684,0.00022831050228310502,0.0006278538812785388,2.845242541100237,2.1348,0.0483,1,METER_BYPASS
M0323,29.316217260273966,3.9555282912962744,0.8334664796013165,0.780155905404191,0.6194571077497084,0.9123353806185444,0.0,0.0003995433789954338,3.6162209614789567,2.7024,0.0691,1,METER_BYPASS
M0324,44.72759232876713,6.16050333376021,0.8374339504745234,0.7852571644856049,0.6077353438134738,0.9110397298192545,0.0,0.0006849315068493151,5.646878371780809,4.3582,0.0927,1,METER_BYPASS
M0325,27.809587671232883,3.831911510624909,0.8355498562841376,0.7856506331573783,0.6141528532015198,0.9125478854153237,0.0,0.0006278538812785388,3.5313119250107636,2.6113,0.0566,1,METER_BYPASS
M0326,40.89496602739726,5.585312417624377,0.8355795131530865,0.7875776647101128,0.6127884051437796,0.9144223014911264,0.0,0.0005136986301369863,5.0904429497770325,3.9044,0.079,1,METER_BYPASS
M0327,56.58948273972602,7.721557069079229,0.8358395327953339,0.788738713736889,0.6107089795159567,0.9099189046293267,0.0,0.0003995433789954338,7.023356139879,5.2119,0.1105,1,METER_BYPASS
M0328,23.066927671232875,3.1699129584154204,0.8346276107848598,0.7839212069383366,0.6159441922787101,0.913982250767877,0.0,0.0007990867579908676,2.9046372948762853,2.1389,0.0566,1,METER_BYPASS
M0329,54.67867150684932,7.675984779020692,0.8368894599328784,0.7899642222996729,0.6124479683877103,0.9127174248695296,0.0,0.00045662100456621003,7.0660250836466885,5.3974,0.1364,1,METER_BYPASS
M0330,59.49693260273973,8.297762652137886,0.8353217049321631,0.7883306713019109,0.614786746583181,0.9128080035375052,0.0,0.00028538812785388126,7.632296774206665,5.7194,0.1345,1,METER_BYPASS
M0331,29.836252328767127,4.146826971620154,0.8367389739144342,0.7887696072936702,0.6139046313993761,0.9125891506942588,0.0,0.0006278538812785388,3.822291485345273,2.7531,0.0703,1,METER_BYPASS
M0332,44.92429890410959,6.034055895006669,0.8321608986364208,0.7891830555382352,0.6192430232714444,0.918741792563201,0.0,0.0005136986301369863,5.5330686343000055,4.0075,0.1086,1,METER_BYPASS
M0333,32.86558493150685,4.576542892259385,0.8329425820834853,0.7827525273099627,0.6201586177732131,0.9141740677709053,0.0,0.0006278538812785388,4.177694817645905,3.1291,0.0754,1,METER_BYPASS
M0334,47.89226410958904,6.619925706556623,0.8377805690197082,0.7887901311629933,0.6099059909116707,0.9108694042439488,0.0,0.00034246575342465754,6.0096309466655145,4.806,0.0973,1,METER_BYPASS
M0335,46.369239178082196,6.364849454071465,0.8349012657693714,0.7813086597433615,0.6185876136936166,0.9112548438703921,0.0,0.0006849315068493151,5.813832076073,4.3907,0.1026,1,METER_BYPASS
M0336,25.60111835616439,3.4812447483682107,0.8327583866975989,0.7879784810774135,0.6188055960449704,0.9103447915747759,0.0,0.0007990867579908676,3.169061552013817,2.3645,0.0619,1,METER_BYPASS
M0337,42.36938520547945,5.854315246643984,0.8340556150228702,0.7896136042426585,0.6157767485267912,0.9120957151144974,0.0,0.00022831050228310502,5.389477334912265,4.0628,0.1058,1,METER_BYPASS
M0338,33.40849452054795,4.691647389732659,0.8344259146903892,0.7853571863912835,0.6141490085492988,0.9060454735694913,0.0,0.0005136986301369863,4.278050470329618,3.1912,0.0793,1,METER_BYPASS
M0339,27.738409315068495,3.8140825301913424,0.8361151235408036,0.7846471743825393,0.614249631110678,0.9111772479688566,5.7077625570776254e-05,0.0005707762557077625,3.49665598923628,2.5532,0.0449,1,METER_BYPASS
M0340,42.64734273972603,5.83511827798361,0.8341505815925978,0.7862950583268927,0.6146051878246277,0.9145925727338865,0.0,0.00028538812785388126,5.410752835766779,3.9408,0.0902,1,METER_BYPASS
M0341,27.558381643835613,3.8169381713443338,0.8347820346914365,0.7805886027034922,0.6185145456309334,0.909677806328436,0.0,0.0007990867579908676,3.4830156216059462,2.5875,0.0536,1,METER_BYPASS
M0342,22.727727945205476,3.1488896695026383,0.8328754839801482,0.7854727447881032,0.6210799566559473,0.9103972919185738,0.0,0.0008561643835616438,2.892767931322779,2.1964,0.051,1,METER_BYPASS
M0343,26.71958301369863,3.671859407260672,0.8341574008594199,0.7816568530467809,0.6208677100516565,0.9132727149266595,0.0,0.0006849315068493151,3.3602580824328396,2.7223,0.059,1,METER_BYPASS
M0344,58.388133698630135,8.02885772026727,0.836039590389941,0.7895379774513872,0.6180815480275167,0.914552957698409,0.0,0.00034246575342465754,7.378308888162258,5.5029,0.1512,1,METER_BYPASS
M0345,23.075729589041092,3.1645313799473587,0.8351302890251431,0.7819481574567861,0.6154156413228002,0.9105983494162943,0.0,0.0013698630136986301,2.9129436791157284,2.2209,0.0514,1,METER_BYPASS
M0346,39.43321452054794,5.729476615811843,0.8344356353014667,0.7810629058235744,0.6182899620281869,0.9136266507392333,0.0,0.0008561643835616438,5.1383170242200045,3.8585,0.1887,1,PARTIAL_TAMPER
M0347,23.92115397260274,3.577575440288099,0.8346055977548054,0.7837045393178239,0.6229752720526311,0.9065036559179429,0.0,0.0007990867579908676,3.202161719994172,2.2145,0.1056,1,PARTIAL_TAMPER
M0348,20.609201095890413,2.9200317326664478,0.8313834856907715,0.7840367662122606,0.6177820587183696,0.9232502370169337,0.0,0.0007990867579908676,2.620212576029184,1.8958,0.0918,1,PARTIAL_TAMPER
M0349,43.29730602739726,6.246099509559164,0.8337523005100815,0.7845270018330363,0.6165245303882047,0.9181389419175683,0.0,0.0005136986301369863,5.554818223651544,4.4776,0.2094,1,PARTIAL_TAMPER
M0350,23.69637232876712,3.3125362155393367,0.8319377056282896,0.78487096287058,0.6172607927618402,0.9095937382019549,0.0,0.0010273972602739725,2.9445903002454297,2.2613,0.101,1,PARTIAL_TAMPER
M0351,42.14397342465753,5.847815277570165,0.8302377443884014,0.7818629668812012,0.6180117721165153,0.9177541067107736,0.0,0.0005707762557077625,5.2011889574498715,3.8264,0.2032,1,PARTIAL_TAMPER
M0352,48.16031479452055,6.88715098858851,0.833086600494171,0.7842305735573669,0.6191972080521416,0.9136148289881126,0.0,0.0003995433789954338,6.15967298910318,4.5974,0.2258,1,PARTIAL_TAMPER
M0353,19.72623589041096,2.8769572488773063,0.8336530340539954,0.783930449547141,0.6176989945164784,0.9111478207145197,0.0,0.0013698630136986301,2.5657862516429364,1.8755,0.0894,1,PARTIAL_TAMPER
M0354,29.382289863013696,4.27302289103885,0.8324981400231581,0.7821288374487412,0.620542399662578,0.9164459860217827,0.0,0.0005136986301369863,3.799559874773616,2.6975,0.1321,1,PARTIAL_TAMPER
M0355,29.57375945205479,4.2114387985006,0.8337800349750609,0.7847238712161035,0.616492712072887,0.9062975110584877,0.0,0.0006278538812785388,3.6788836990021667,2.9776,0.1344,1,PARTIAL_TAMPER
M0356,22.684663561643838,3.2871246211483687,0.8339991669235549,0.7832376464590148,0.6177857254718779,0.9036480963222251,0.0,0.00034246575342465754,2.903772760732214,2.1829,0.1052,1,PARTIAL_TAMPER
M0357,26.69220684931507,3.742427236959521,0.8319445230513364,0.7829810863021058,0.6174169281326759,0.9180552278051919,0.0,0.00045662100456621003,3.3136601629734312,2.6197,0.119,1,PARTIAL_TAMPER
M0358,43.72295342465753,6.1782171638021515,0.8336309283177724,0.7839129262035412,0.617595242631772,0.9112652405957141,0.0,0.00045662100456621003,5.482204695975499,4.2522,0.2042,1,PARTIAL_TAMPER
M0359,39.74490849315068,5.708147690094674,0.8316500693678718,0.7839518469616265,0.6205301024993352,0.9117629409371721,0.0,0.0003995433789954338,5.050346157206055,3.6364,0.1899,1,PARTIAL_TAMPER
M0360,19.230921917808217,2.7479180166485295,0.8326223957813207,0.7835662302297146,0.6201285181554815,0.90602864006382,0.0,0.001141552511415525,2.404171620210447,1.8518,0.0864,1,PARTIAL_TAMPER
M0361,34.78575369863014,5.03211847566187,0.8338943109973417,0.7847986343743346,0.6166850647539428,0.9067737113103242,0.0,0.00017123287671232877,4.461879812408841,3.5925,0.164,1,PARTIAL_TAMPER
M0362,37.55702547945206,5.491665217688319,0.8344993109036419,0.7816783610929805,0.6174642107068907,0.9049483619790996,0.0,0.00034246575342465754,4.863162023747169,3.4979,0.1708,1,PARTIAL_TAMPER
M0363,23.77090630136986,3.4323393219299834,0.8333602216156094,0.7831189992860105,0.6166878872938371,0.9085690813834001,0.0,0.0006278538812785388,3.020631923790361,2.3589,0.1048,1,PARTIAL_TAMPER
M0364,39.92945835616438,5.7007073170615845,0.8323093601168583,0.7833184495716018,0.6154651695296873,0.9057124387942335,0.0,0.00022831050228310502,4.993387503750028,3.775,0.1896,1,PARTIAL_TAMPER
M0365,38.86885150684931,5.421655621294217,0.831246370718914,0.7814019464986393,0.6188833020451662,0.9109842077477341,0.0,0.0003995433789954338,4.821786913908673,3.7204,0.187,1,PARTIAL_TAMPER
M0366,48.214433698630145,7.007475133246253,0.832940591492908,0.7845587885674485,0.6172158596429025,0.922611928977412,0.0,0.0003995433789954338,6.323150505448403,4.5101,0.2331,1,PARTIAL_TAMPER
M0367,23.388126301369866,3.372823240151541,0.8338247453974329,0.7813287137897655,0.6182012659491826,0.9074873510960322,0.0,0.0009703196347031963,2.9725060886451544,2.1735,0.1086,1,PARTIAL_TAMPER
M0368,27.846358082191788,3.9145817910142418,0.8323935243858274,0.7832929090432571,0.6185093803344557,0.9208900453406736,0.0,0.0005136986301369863,3.5048830672245432,2.7379,0.1341,1,PARTIAL_TAMPER
M0369,25.363006027397265,3.714393101606274,0.8328529199409331,0.7823861831386181,0.6186424798340233,0.9097457334132727,0.0,0.0010273972602739725,3.316937328705711,2.3966,0.1167,1,PARTIAL_TAMPER
M0370,22.71321123287671,3.1673657470806984,0.8322120344116251,0.7826601300089562,0.6174168516998085,0.913961971538288,0.0,0.0006849315068493151,2.834336897800823,2.0165,0.1058,1,PARTIAL_TAMPER
M0371,20.774991232876708,3.034571801351929,0.8327434015354566,0.7829409886098002,0.6167702151489707,0.9184862308787519,0.0,0.0010273972602739725,2.7338719281964163,2.1284,0.0922,1,PARTIAL_TAMPER
M0372,22.915913424657536,3.319121668232136,0.834688284787036,0.7828642167965525,0.6159374039309109,0.906011193699774,0.0,0.001141552511415525,2.916343954191468,2.1426,0.1052,1,PARTIAL_TAMPER
M0373,38.80012082191781,5.5243914594711105,0.8318377298895537,0.7851252458120979,0.6190605473913076,0.9121223544193928,0.0,0.0005707762557077625,4.899942327834496,3.7511,0.1818,1,PARTIAL_TAMPER
M0374,25.60468164383562,3.6773379554197785,0.8330249421776386,0.783104101233715,0.6141884376644787,0.9058453936592703,0.0,0.00034246575342465754,3.2537372427080093,2.6506,0.1231,1,PARTIAL_TAMPER
M0375,44.03541232876712,6.356034589818007,0.8330876437686737,0.7809019179070676,0.6162236440736835,0.9173055015296667,0.0,0.00045662100456621003,5.710049687675916,4.1132,0.1952,1,PARTIAL_TAMPER
M0376,37.10133616438357,5.281144104753444,0.8332476687851517,0.7839237969172814,0.6167138003095214,0.9023507538032938,0.0,0.0005707762557077625,4.618062602492605,3.8166,0.1683,1,PARTIAL_TAMPER
M0377,19.12467123287671,2.785625910522351,0.8320159202253647,0.784967196968661,0.6186993046500703,0.9051771622883823,0.0,0.0007990867579908676,2.469598581995966,1.8573,0.0916,1,PARTIAL_TAMPER
M0378,42.858199178082195,6.114040079668764,0.8334168838263561,0.7846429642107685,0.6168093813435904,0.9140338433366326,0.0,0.0006849315068493151,5.42283267756778,4.011,0.2009,1,PARTIAL_TAMPER
M0379,28.709962739726027,4.110649290673622,0.8332198242379615,0.7835946146360886,0.617158833591779,0.9200767525388669,0.0,0.0009132420091324201,3.7061979396193374,2.756,0.1419,1,PARTIAL_TAMPER
M0380,18.792122739726025,2.784657427616418,0.8356756429220434,0.78336349770901,0.6170801437324324,0.9107492447661623,0.0,0.001141552511415525,2.501664441027642,1.8797,0.0897,1,PARTIAL_TAMPER
M0381,26.120274246575338,3.8290246384291624,0.8341015937331655,0.7816819807323666,0.6193461375646473,0.9123849328573866,0.0,0.0007420091324200913,3.433368560416544,2.3929,0.1229,1,PARTIAL_TAMPER
M0382,42.8206994520548,6.349275558459598,0.8341777574175548,0.7834861590993764,0.6183865058644237,0.9112512976804237,0.0,0.0005136986301369863,5.657394457444317,4.1809,0.2097,1,PARTIAL_TAMPER
M0383,25.741024657534247,3.773292317738531,0.833338228312473,0.7833379568282026,0.6189913565495009,0.9050016218898845,0.0,0.0007990867579908676,3.3425783633321706,2.4842,0.1241,1,PARTIAL_TAMPER
M0384,25.523612328767125,3.7789521724240522,0.8347162013818408,0.7850780538287087,0.619086137691157,0.8992250407838526,0.0,0.0012557077625570776,3.320618396342099,2.5714,0.1207,1,PARTIAL_TAMPER
M0385,43.74240328767124,6.216333917250456,0.8316887715053247,0.7845563133729038,0.617387660926519,0.9125017493984185,0.0,0.0003995433789954338,5.535313721883806,4.5138,0.1928,1,PARTIAL_TAMPER
M0386,32.16094904109589,4.576769573754201,0.8340418078503506,0.7813288991773417,0.6157080267274144,0.9107332973805226,0.0,0.00034246575342465754,4.02839656135184,3.2414,0.1546,1,PARTIAL_TAMPER
M0387,19.93182109589041,2.9074776560646654,0.833322049249345,0.7856819635444672,0.616967054170267,0.9103639985215589,0.0,0.001141552511415525,2.5961792011018696,2.0318,0.0931,1,PARTIAL_TAMPER
M0388,29.356534520547942,4.2425120387213004,0.8348627696330587,0.782926253776206,0.6164759665109362,0.905892170193528,0.0,0.0009132420091324201,3.7648989522623113,2.847,0.1382,1,PARTIAL_TAMPER
M0389,31.200064383561646,4.485890992572653,0.833007907434853,0.7826098048625608,0.6160344135870663,0.9113157829411204,0.0,0.0007420091324200913,3.9831829758522286,3.0768,0.1487,1,PARTIAL_TAMPER
M0390,34.517713424657536,5.065706166616369,0.8328479588683934,0.7848574987659075,0.6184085420191606,0.905888788720595,0.0,0.0006278538812785388,4.468023885498299,3.3823,0.1623,1,PARTIAL_TAMPER
M0391,39.64462712328767,5.376501687134703,0.8305444349329361,0.7950833206951076,0.6192492438645836,0.9113634716567314,0.0,0.00028538812785388126,4.933000382051581,3.8174,0.1861,1,ILLEGAL_HOOKING
M0392,59.80369561643836,8.080953240156516,0.8289203392166726,0.7864504537178486,0.6183446151115035,0.9108469854209573,0.0,0.0003995433789954338,7.4603469983618655,5.8212,0.2872,1,ILLEGAL_HOOKING
M0393,39.36550602739726,5.37585845192453,0.8302991685725852,0.7903443225067491,0.6180685125421608,0.9124231274262281,0.0,0.0006278538812785388,4.951586506194663,3.8909,0.1918,1,ILLEGAL_HOOKING
M0394,40.615038082191774,5.423364693067653,0.8276907309309125,0.7888970902289127,0.6212054676536815,0.9163533634715845,0.0,0.00045662100456621003,5.022289258693639,4.596,0.1981,1,ILLEGAL_HOOKING
M0395,27.010911232876715,3.652712204170259,0.8328929434472365,0.7925174884223691,0.6261297019765076,0.9095224077204915,0.0,0.0009132420091324201,3.3071723872473684,3.0731,0.1295,1,ILLEGAL_HOOKING
M0396,23.44480849315069,3.1411243064341825,0.8390845136680065,0.7919948968715124,0.6162516674972528,0.9135113013053658,0.0,0.0009132420091324201,2.8380720926046754,2.6559,0.1143,1,ILLEGAL_HOOKING
M0397,53.74968602739727,7.277695166797021,0.8276818566521272,0.787579681028365,0.6203839330636074,0.9138738202721048,0.0,0.00045662100456621003,6.732329782414042,5.0436,0.2568,1,ILLEGAL_HOOKING
M0398,25.674359178082188,3.497580517458278,0.8392555898399234,0.7943444444815198,0.6193315963484308,0.9144066443334278,0.0,0.00034246575342465754,3.196291865851039,3.2883,0.123,1,ILLEGAL_HOOKING
M0399,36.390797808219176,4.885042627570613,0.8281313406760605,0.7876480331056984,0.6231243541079289,0.9179567708812765,0.0,0.0003995433789954338,4.522443159432506,3.5893,0.1758,1,ILLEGAL_HOOKING
M0400,33.6415301369863,4.591520384219659,0.8307313992863219,0.7997223545662543,0.6238175746071706,0.9115090790786535,0.0,0.0009132420091324201,4.2021141235373785,4.0134,0.1609,1,ILLEGAL_HOOKING
M0401,41.04415643835616,5.571835241428998,0.829045539187981,0.7912923155200268,0.6200522178292707,0.909958687095935,0.0,0.00045662100456621003,5.107989692846739,4.4946,0.1898,1,ILLEGAL_HOOKING
M0402,42.12578794520548,5.7847282357801655,0.82833810853814,0.7913685272172968,0.6194818695324801,0.9101840882705524,0.0,0.00022831050228310502,5.345753387105877,4.5395,0.1949,1,ILLEGAL_HOOKING
M0403,58.734719178082194,7.929044555644798,0.8272893973960491,0.7895543279507385,0.6220171404064008,0.9134096343401508,0.0,0.00017123287671232877,7.346330540178125,5.647,0.288,1,ILLEGAL_HOOKING
M0404,24.93845150684932,3.4091370052121386,0.841149045011147,0.7930539822263863,0.6183767085901882,0.9120771015347405,0.0,0.0007990867579908676,3.0846582119014565,3.1057,0.1121,1,ILLEGAL_HOOKING
M0405,59.00087780821919,7.9580679490694335,0.8269374041329333,0.7884287601918082,0.6194556650433757,0.9127728374775337,0.0,0.00045662100456621003,7.379622044641054,6.2664,0.2741,1,ILLEGAL_HOOKING
M0406,38.134877260273974,5.1207649007594185,0.8325481265209207,0.7894344425583165,0.6205503649600316,0.916380756705443,0.0,0.0005707762557077625,4.74156369907413,3.8265,0.1837,1,ILLEGAL_HOOKING
M0407,27.64834602739726,3.8696845888613796,0.8349880369954908,0.788014922190002,0.622225395102502,0.9163560238541624,0.0,0.00022831050228310502,3.55262112546254,3.023,0.1361,1,ILLEGAL_HOOKING
M0408,34.494200821917815,4.7087882343975105,0.8330335415204962,0.7966182768198924,0.6208227457525715,0.9133745833459523,0.0,0.0005707762557077625,4.319840188491241,3.8358,0.1642,1,ILLEGAL_HOOKING
M0409,51.586019178082196,6.9352211581288925,0.8275036574708713,0.7894099148140291,0.6194815454139647,0.9134341909585122,0.0,0.00034246575342465754,6.403727792274928,5.108,0.2503,1,ILLEGAL_HOOKING
M0410,46.99029835616438,6.3087796971344074,0.8269092580802251,0.7927664815894349,0.620732788451319,0.914492678267833,0.0,0.0003995433789954338,5.833419139267283,4.3153,0.2083,1,ILLEGAL_HOOKING
M0411,50.1360887671233,6.742781951123398,0.8245798050399289,0.7904311059942937,0.6182631613154603,0.9153856495915085,0.0,0.00017123287671232877,6.271498138787516,4.9674,0.248,1,ILLEGAL_HOOKING
M0412,53.7318898630137,7.2173667491957865,0.8273153517497666,0.7897233185394597,0.6164452773760238,0.9097597865395871,0.0,0.00022831050228310502,6.6529362156527,5.2335,0.2594,1,ILLEGAL_HOOKING
M0413,49.616742739726035,6.725325206069894,0.8288610778735523,0.7852602268865725,0.6193028185357817,0.9114672799138919,0.0,0.00034246575342465754,6.200185093802911,5.0362,0.2404,1,ILLEGAL_HOOKING
M0414,58.91941726027397,7.869983820232273,0.8246025847908358,0.7907285755304767,0.6196493341995447,0.911574205598198,0.0,0.00034246575342465754,7.266805928787082,5.7737,0.2941,1,ILLEGAL_HOOKING
M0415,56.09197506849315,7.591543397726777,0.8286533070099819,0.788570329223696,0.6200852663133698,0.9136137612007273,0.0,0.00034246575342465754,7.017997493559302,6.0663,0.2614,1,ILLEGAL_HOOKING
M0416,57.477829589041086,7.8626800053925,0.8284758992940398,0.7891264274435363,0.6175374604517916,0.9098036853229992,0.0,0.00022831050228310502,7.240371179331062,5.5462,0.284,1,ILLEGAL_HOOKING
M0417,52.63175452054795,7.131150339443848,0.8275189660695847,0.787144033412352,0.6182396323637496,0.9147903659755678,0.0,0.0003995433789954338,6.628396700697806,5.474,0.2152,1,ILLEGAL_HOOKING
M0418,32.58130931506849,4.443141554233552,0.8334312748540065,0.7950972587732246,0.6207102339876831,0.9113764426218542,0.0,0.0006849315068493151,4.067952381175719,3.65,0.1491,1,ILLEGAL_HOOKING
M0419,44.3845394520548,6.075979095403466,0.8295096955834564,0.7960610106418938,0.6162663403561797,0.9125903361763674,0.0,0.00045662100456621003,5.619794597774587,4.874,0.2007,1,ILLEGAL_HOOKING
M0420,32.69473726027397,4.398322545008101,0.830693091985894,0.7873713873100616,0.6202319462622669,0.9151210957191016,0.0,0.0009132420091324201,4.034578719772866,3.6225,0.149,1,ILLEGAL_HOOKING
M0421,52.43000520547945,7.10136356024535,0.8279415320670764,0.774642631894356,0.6194888293771914,0.9137594977414955,0.0,0.00022831050228310502,6.566667588908852,5.258,0.2568,1,ILLEGAL_HOOKING
M0422,44.15576712328767,5.932724372251164,0.8284199781106399,0.7930213087766447,0.6175969083483299,0.9084227737765733,0.0,0.00011415525114155251,5.444949615934455,4.6449,0.2148,1,ILLEGAL_HOOKING
M0423,34.788233424657534,4.631749049329814,0.8312324984266218,0.7910289841192157,0.6194233494663607,0.9177627574076344,0.0,0.00034246575342465754,4.264766264042408,3.8096,0.1551,1,ILLEGAL_HOOKING
M0424,51.03405178082191,6.921456853528087,0.827114654444342,0.7901488986970355,0.6185486792534627,0.9159741228361191,0.0,0.0006849315068493151,6.442540146360652,5.2408,0.257,1,ILLEGAL_HOOKING
M0425,52.181546849315076,6.991148658936032,0.8265893730551911,0.7920427832859674,0.6193507228902829,0.9123823455564576,0.0,0.00045662100456621003,6.467526165105266,5.8698,0.2519,1,ILLEGAL_HOOKING
M0426,58.580537534246574,7.9511891511007216,0.8283217591284617,0.7884540836043674,0.6154742675490245,0.9129468640233884,0.0,0.00022831050228310502,7.3773506023777875,5.6382,0.28,1,ILLEGAL_HOOKING
M0427,61.00526849315068,8.225807756780156,0.8265177675067957,0.7895826436250815,0.6182799182317136,0.9133473431677706,0.0,0.0006278538812785388,7.6481276602356685,5.7853,0.289,1,ILLEGAL_HOOKING
M0428,31.956329589041097,4.320298153052049,0.8300946733143197,0.7914960125899254,0.6203474433860345,0.9129842195150283,0.0,0.0005136986301369863,3.9537709887151804,3.9385,0.1489,1,ILLEGAL_HOOKING
M0429,33.722134246575344,4.5549343447825885,0.8323424321928858,0.7876203606287165,0.6186495422963655,0.9187237353965241,0.0,0.00045662100456621003,4.208495132785515,3.2172,0.1563,1,ILLEGAL_HOOKING
M0430,23.647847945205474,3.192564201756607,0.8413192120562298,0.7903189818996791,0.6230109835034374,0.9146604427035859,0.0,0.0010273972602739725,2.8938443901747846,3.1034,0.1096,1,ILLEGAL_HOOKING
M0431,53.602590410958896,7.213075928855163,0.8270199103565931,0.787641698913717,0.6176053411338188,0.9173287613909227,0.0,0.0003995433789954338,6.7054695331079746,5.5297,0.2653,1,ILLEGAL_HOOKING
M0432,46.01933616438355,6.207154237732154,0.8274843805019617,0.7969659596641852,0.6201224835350408,0.915618001753036,0.0,0.00011415525114155251,5.7474613822637535,4.5785,0.2185,1,ILLEGAL_HOOKING
M0433,40.66935479452055,5.501242457951216,0.8300960775983098,0.7866504336595274,0.6218000589536327,0.9087714492681267,0.0,0.0006849315068493151,5.058309662223252,4.1419,0.197,1,ILLEGAL_HOOKING
M0434,48.892112054794524,6.6856564344680764,0.8271821665612016,0.7842796362485815,0.6188938391625571,0.9085070225071367,0.0,0.0005707762557077625,6.1688922891187525,5.0692,0.2407,1,ILLEGAL_HOOKING
M0435,55.68445178082192,7.4345372716828955,0.826605029953388,0.7849407436656488,0.6206470549493551,0.9102649504697844,0.0,0.00045662100456621003,6.853195661038969,5.6375,0.2674,1,ILLEGAL_HOOKING
M0436,49.76145342465754,6.802079061126369,0.8317830432697499,0.785633119769739,0.6137438640682841,0.9137421730330672,0.0,0.03721461187214612,6.360045150850236,4.5583,0.2405,1,METER_REVERSAL
M0437,57.51661698630137,7.812150999250801,0.8320538176617501,0.7802149814040903,0.6161284080452154,0.9106576497442357,0.0,0.03584474885844749,7.259538261532404,5.4512,0.2757,1,METER_REVERSAL
M0438,51.16115205479451,7.000070634013913,0.8308679430492653,0.7822314773533128,0.6190426865708418,0.9148128923023265,0.0,0.03595890410958904,6.540438572519736,4.8197,0.2553,1,METER_REVERSAL
M0439,41.073919452054795,5.591276594301941,0.8305402296677019,0.7825923200385543,0.617686690424189,0.9100129575877616,0.0,0.03984018264840183,5.18893975667709,4.1209,0.2012,1,METER_REVERSAL
M0440,60.27359205479453,8.273841308378348,0.8325531057727293,0.7833747439667519,0.61649745322421,0.9103664422744941,0.0,0.039155251141552515,7.677851437419678,5.6176,0.2951,1,METER_REVERSAL
M0441,34.8041405479452,4.7032763375972175,0.8310931061738042,0.7813817500488404,0.6177280481441536,0.913213127278448,0.0,0.037614155251141555,4.379859045491909,3.2606,0.1732,1,METER_REVERSAL
M0442,34.911338904109584,4.755453888751604,0.830772771077704,0.7847100099994448,0.6162514200831354,0.9111981130877735,0.0,0.03738584474885845,4.4181313065133025,3.2504,0.1701,1,METER_REVERSAL
M0443,41.04329643835616,5.576998681576002,0.8324114483206597,0.7843294254219668,0.6139259650913406,0.9109067134828301,0.0,0.03807077625570776,5.181345175447611,3.9534,0.201,1,METER_REVERSAL
M0444,54.29162438356165,7.401545148093501,0.8317527982279592,0.7829235150475038,0.6170548127284544,0.9112940578033075,0.0,0.039897260273972605,6.894050580443798,4.8757,0.2728,1,METER_REVERSAL
M0445,51.30400904109589,6.986315524904163,0.8308040478020103,0.7828077971610615,0.6174859968155234,0.9116205064320668,0.0,0.04006849315068493,6.490683900220749,4.716,0.2319,1,METER_REVERSAL
M0446,33.141966575342465,4.499181704473463,0.8313400568441688,0.7844209460441252,0.6163094385562324,0.9114416812178797,0.0,0.033904109589041095,4.17987183109339,2.9616,0.1527,1,METER_REVERSAL
M0447,51.872239726027395,7.06247688290566,0.8290158660910242,0.7837154409680728,0.6222757810431149,0.912703581225348,0.0,0.03932648401826484,6.5819177739876595,5.1391,0.2396,1,METER_REVERSAL
M0448,34.9339802739726,4.733211248213438,0.8304105757917446,0.7844202590924234,0.6162364172794565,0.909211981801473,0.0,0.039155251141552515,4.389717791660262,3.3334,0.1761,1,METER_REVERSAL
M0449,45.54789095890411,6.142933653644436,0.8311251211214605,0.7816216586410767,0.6164786332449225,0.9153124598719177,0.0,0.03932648401826484,5.734633251068758,4.2352,0.2162,1,METER_REVERSAL
M0450,23.022320273972603,3.128546809899237,0.8316278640907591,0.7849369026820708,0.6184217048244322,0.9119274152262974,0.0,0.03744292237442922,2.913724545625092,2.1347,0.1172,1,METER_REVERSAL
M0451,49.20178712328767,6.7271306783499805,0.8323619234795581,0.7833036285025058,0.619195023232765,0.9129650536463081,0.0,0.03972602739726028,6.2601657214031405,4.5299,0.2313,1,METER_REVERSAL
M0452,54.10219205479452,7.360746017477463,0.8297917368135578,0.7826080053842296,0.6185179400002976,0.9122483127814912,0.0,0.03807077625570776,6.848357336038015,5.1067,0.2425,1,METER_REVERSAL
M0453,60.173319178082195,8.205070677800899,0.8306344492332686,0.783441552418605,0.617936591247342,0.9124072025668059,0.0,0.03875570776255708,7.643781012872439,5.4421,0.2918,1,METER_REVERSAL
M0454,55.448482739726025,7.489861896389111,0.8310212595078269,0.7852243150558539,0.6181997517200812,0.9128475867430778,0.0,0.03601598173515982,6.967056269607555,5.6731,0.2643,1,METER_REVERSAL
M0455,47.36798547945205,6.484582991716923,0.8319421304657456,0.7845642620108483,0.6161608680185064,0.9129811688520211,0.0,0.03670091324200913,6.029856290758668,4.4509,0.217,1,METER_REVERSAL
M0456,34.58690191780822,4.698436095387631,0.8312427952569146,0.7833732046620344,0.617147105268153,0.9123762586256482,0.0,0.03767123287671233,4.364211545748189,3.4539,0.1736,1,METER_REVERSAL
M0457,40.14198876712329,5.445276185970217,0.8300231941845153,0.7846780733139417,0.618160994506666,0.9118352025087496,0.0,0.038641552511415524,5.054864767031617,3.864,0.1983,1,METER_REVERSAL
M0458,26.969683287671234,3.7254948413585494,0.8316215285772194,0.7818580401601101,0.6171105860154613,0.9119834893946688,0.0,0.0386986301369863,3.4733006786869707,2.5736,0.1277,1,METER_REVERSAL
M0459,56.98174191780822,7.741202233199862,0.8312307625350236,0.7841552200886055,0.6165914149639713,0.9108389269646643,0.0,0.03384703196347032,7.186524328612098,5.2875,0.272,1,METER_REVERSAL
M0460,33.80798739726028,4.573124468452789,0.8302934519914835,0.7846587974060565,0.6175277875613427,0.9117973014144897,0.0,0.03944063926940639,4.249602732669243,3.1009,0.1636,1,METER_REVERSAL
M0461,37.78267917808219,5.12586268491122,0.8304092242004649,0.7848983721447498,0.6164504837441845,0.9123837306144175,0.0,0.036358447488584474,4.766411050647149,3.5829,0.1805,1,METER_REVERSAL
M0462,58.04408876712329,7.834288154532778,0.8297760432510962,0.7810189407440633,0.6184353869766682,0.9097868539246259,0.0,0.03567351598173516,7.245898197772041,5.3769,0.2703,1,METER_REVERSAL
M0463,41.495004657534245,5.573524163493837,0.8307749242938031,0.7823841963887205,0.617969424186624,0.9147920375402367,0.0,0.04029680365296804,5.1936086930342285,4.0205,0.1969,1,METER_REVERSAL
M0464,43.77840575342466,5.931162622204709,0.8303231329535289,0.7841022245955489,0.6171522421356285,0.9123264743296882,0.0,0.04058219178082192,5.514466107107574,4.0135,0.2127,1,METER_REVERSAL
M0465,46.687373424657544,6.368512712175697,0.8300918181671506,0.7851382596902752,0.6199706158894485,0.9120797799575272,0.0,0.03590182648401827,5.921192389139252,4.3789,0.2305,1,METER_REVERSAL
M0466,28.80147726027397,3.916014839809453,0.8314860591696446,0.7824679352632555,0.6176333154626787,0.9129789532748049,0.0,0.03664383561643836,3.6467073789104605,2.634,0.1402,1,METER_REVERSAL
M0467,26.532440273972604,3.6097977581541394,0.832608276178136,0.7826915493644533,0.617134617345246,0.9098053270928408,0.0,0.038527397260273974,3.346043561339923,2.5505,0.1266,1,METER_REVERSAL
M0468,49.31174410958904,6.7715847501944095,0.8329189898760418,0.7855489004951697,0.6153589719658131,0.9115116962020134,0.0,0.03875570776255708,6.304906475443912,4.6445,0.2267,1,METER_REVERSAL
M0469,54.86813232876713,7.350016764490585,0.8303810492307412,0.7825218353712831,0.6164405470356614,0.9134381091384288,0.0,0.03498858447488584,6.834699753356154,4.9859,0.2636,1,METER_REVERSAL
M0470,39.58751479452055,5.39137715710607,0.8307102149307986,0.7868877554131328,0.616319059581774,0.9119804242112038,0.0,0.036073059360730596,5.022838057176353,3.6417,0.1841,1,METER_REVERSAL
M0471,33.021944931506845,4.5007160289198,0.8299071527971862,0.7854215528025595,0.6186392811907391,0.909846449509199,0.0,0.03801369863013699,4.179150142975993,3.1416,0.1661,1,METER_REVERSAL
M0472,44.87439232876713,6.060387344790515,0.8293928415462478,0.7834214851417765,0.6178629636845773,0.9092267578409131,0.0,0.03841324200913242,5.617074422976575,4.5974,0.2106,1,METER_REVERSAL
M0473,31.11206739726028,4.26261398021112,0.8306910246705875,0.7848550192199605,0.6191930595559719,0.9097555900188743,0.0,0.03778538812785388,3.944501552754482,2.9401,0.1516,1,METER_REVERSAL
M0474,48.80880136986302,6.625782180446161,0.8307415817029358,0.781592726295,0.6178155799231162,0.9122260858917329,0.0,0.03715753424657534,6.168475942226548,4.848,0.2467,1,METER_REVERSAL
M0475,46.15671342465754,6.292248507883064,0.8311435205265603,0.7829972220491607,0.6157692359676963,0.9138134397295727,0.0,0.03875570776255708,5.872464982542066,4.3676,0.2256,1,METER_REVERSAL
M0476,46.753106027397266,6.363847004969234,0.8327438927883262,0.778859446286718,0.6175463645658599,0.9085616123738616,0.0,0.035559360730593605,5.897798494717478,4.3869,0.2239,1,METER_REVERSAL
M0477,37.61305671232877,5.103689296042482,0.8311722723597694,0.7823465567002666,0.6163837863977201,0.9096408185645267,0.0,0.03995433789954338,4.723904209237298,3.5651,0.1818,1,METER_REVERSAL
M0478,56.680710136986306,7.644646892367911,0.8297143391450664,0.7843372287939036,0.6168043143228671,0.9114415206636208,0.0,0.037842465753424655,7.096509334756933,5.237,0.2896,1,METER_REVERSAL
M0479,47.17385260273973,6.405012221645104,0.8307530279571874,0.781535185402481,0.6182864501204856,0.9148628234447893,0.0,0.03801369863013699,5.98591672853135,4.4251,0.2326,1,METER_REVERSAL
M0480,55.42807863013699,7.447197638047918,0.8319761045649586,0.7851905399160536,0.6159931099561673,0.91287268000715,0.0,0.03732876712328767,6.9274758455006396,5.3228,0.2677,1,METER_REVERSAL
